cnt,OPENDATA_ID,GNG_CS,FD_CS,BZ_NM,TLNO,MBZ_HR,SEAT_CNT,PKPL,HP,PSB_FRN,BKN_YN,INFN_FCL,BRFT_YN,DSSRT_YN,MNU,SMPL_DESC,SBW,BUS
1,1816,대구광역시 중구 삼덕동2가 149-6,한식,장모님국밥,053-425-9347,09:00 ~ 21:00,40석(룸1),없음,없음,가능한 외국어가 없습니다.,가능,불가능,불가능,가능,"[저염메뉴] 순대국밥 9,000원 <br />돼지국밥 9,000원<br />섞어국밥 9,000원<br />수육 25,000원 ~ 30,000원 <br />순대한접시 12,000원",장모님국밥은 대구에서 유일한 특별한 돼지국밥을 제공하는 전문점입니다.,지하철 2호선 경대병원역 1번 출구에서 도보로 약 123m 거리.,버스 정류장은 경북대학교병원앞 정류장이 가장 가깝습니다.
2,1810,대구광역시 중구 동인동4가 4,한식,춘천옥,053-422-3333,09:00 ~ 19:30,40석(룸1),없음(인근유료주차장이용),없음,가능한 외국어가 없습니다.,가능,불가능,불가능,가능,"곰탕/양곰탕 11,000원<br />냉면 9,000원<br />갈비탕 11,000원 <br />막국수 9,000원<br />소갈비찜 30,000원 ~ 70,000원","춘천옥 은 곰탕, 양곰탕, 냉면, 갈비탕 등 다양한 국물과 면 요리를 맛볼 수 있는 한식당입니다.",지하철 1호선 칠성시장역 3번 출구에서 도보로 약 862m 거리.,버스 정류장은 중구청앞 정류장이 가장 가깝습니다.
3,1807,대구광역시 중구 대봉동 17-10,한식,청해회수산,053-422-6921,16:00 ~ 00:00,30석,없음,없음,영어 ,불가,불가능,불가능,불가능,"모듬회 25,000원 ~ 55,000원<br />세꼬시 33,000원 ~ 65,000원 <br />모듬회 35,000원 ~ 65,000원<br />모듬해산물 38,000원 <br />회물회 10,000원",청해회수산 은 매일 산지 직송 받는 맛있고 신선한 회를 합리적인 가격에 푸짐하게 드실 수 있는 회.해산물.세꼬시 전문점입니다.,지하철 2호선 경대병원역 3번 출구에서 도보로 약 397m 거리.,버스 정류장은 방천시장(김광석길)앞 정류장이 가장 가깝습니다.
4,1806,대구광역시 중구 삼덕동3가 284,특별한 술집,유랑,053-253-0660,18:00 ~ 02:00,20석,없음,app.catchtable.co.kr/ct/shop/cave_urang?from=share,영어 일본어 중국어 ,가능,불가능,불가능,불가능,"네츄럴 스테이크 28,000원<br />일그라파 파스타 17,000원<br />블랙머쉬룸 보리 리조또 17,000원<br />세세리소유야키 17,000원 <br />갈릭새우바질 21,000원",삼덕동에 위치한  까브유랑 은 가성비 좋은 와인이 많은 분위기 좋은 와인바입니다.,지하철 2호선 경대병원역 4번 출구에서 도보로 약 454m 거리.,버스 정류장은 방천시장(김광석길)건너 정류장이 가장 가깝습니다.
5,1805,대구광역시 중구 동인동3가 220-3,특별한 술집,와리바시,053-422-3888,18:00 ~ 02:00,10석,없음,app.catchtable.co.kr/ct/shop/waribasibar,영어 ,가능,불가능,불가능,불가능,"닭육수오뎅탕 23,000원 <br />오코노미야키 16,000원 <br />철판야키소바 15,000원<br />명란김말이튀김 14,000원 <br />야키토리 13,000원",동인동 작은 골목 안에 위치한 와리바시 는 일식 요리와 사케를 즐길 수 있는 공간입니다.,주변에 가까운 지하철역이 없습니다.,버스 정류장은 동인초등학교건너 정류장이 가장 가깝습니다.
6,1793,대구광역시 중구 봉산동 37-33,양식,조밀,070-8888-0505,11:30 ~ 21:30,30석,없음,instagram.com/_jomeal,가능한 외국어가 없습니다.,불가,불가능,불가능,불가능,"조밀 스테이크 26,000원<br />마늘쫑파스타 12,000원<br />새우바질리조또 13,000원<br />마늘 퓨레 파스타 12,000원","조밀 은 스테이크, 파스타, 리조또를 판매하는 양식당으로 다른 양식당에서 보실 수 없는 특별한 조밀만의 메뉴를 즐기실 수 있습니다.","지하철 1,2호선 반월당역 11번 출구에서 도보로 약 12m 거리",버스 정류장은 2호선반월당역1 정류장이 가장 가깝습니다.
7,1792,대구광역시 중구 공평동 1-5,양식,로니스도우,010-****-6176,12:00 ~ 24:00,49석,없음,www.instagram.com/ronnies_dough,가능한 외국어가 없습니다.,평일 가능,불가능,불가능,불가능,"half&amp;half 19,000원 ~ 26,000원<br />페퍼로니 19,000원 ~ 26,000원<br />하와이안 19,000원 ~ 26,000원<br />핫치킨 19,000원 ~ 26,000원",로니스도우 는 오리지날 피자를 맛볼 수 있는 피자 전문점입니다.,지하철 1호선 중앙로역 3번 출구에서 도보로 약 461m 거리.,버스 정류장은 2.28기념중앙공원건너2 정류장이 가장 가깝습니다.
8,1791,대구광역시 중구 동문동 4-9,세계요리,야자수지붕,053-256-3723,11:30 ~ 21:00,24석,없음,www.facebook.com/profile.php?id=100034170044014,가능한 외국어가 없습니다.,,불가능,불가능,불가능,"꿍팟퐁커리 16,000원<br />소고기 쌀국수 10,000원<br />팟타이 10,000원 <br />시리얼 새우 16,000원<br />그린커리 10,500원","야자수지붕 은 태국 왕실에서 인증한 요리 학교에서 교육 과정을 정식으로 수료 하였으며, 베트남 하노이 현지 유명 레스토랑과 파트너쉽을 체결 현지의 맛을 재현해 내는데 중점을 두고 있는 태국, 베트남 음식 전문점입니다.",지하철 1호선 중앙로역 3번 출구에서 도보로 약 533m 거리.,버스 정류장은 대구시동인청사건너 정류장이 가장 가깝습니다.
9,1790,대구광역시 중구 대안동 22,양식,노세콘도(Nosecondo),010-****-6451,12:00 ~ 21:00,26석,10대,없음,가능한 외국어가 없습니다.,가능,불가능,불가능,불가능,"크림 파빠르델레 파스타 21,000원<br />단호박 뇨끼 25,000원<br />멜란자네 12,000원 <br />해산물 링귀니 23,000원 <br />부라타 치즈 15,000원","노세콘도(Nosecondo) 는 생면으로 만든 파스타를 만나볼 수 있는 스파게티, 파스타 전문점입니다.",지하철 1호선 중앙로역 3번 출구에서 도보로 약 386m,버스 정류장은 대구콘서트하우스건너 정류장이 가장 가깝습니다.
10,1789,대구광역시 중구 동인동4가 176-1,전통차/커피전문점,카페로건,053-216-1674,"07:30 ~ 17:00 (토,공휴일 08:30 ~ 17:00)",10석,인근공영주차장이용,없음,가능한 외국어가 없습니다.,가능,불가능,불가능,불가능,"로건 라떼 4,500원<br />아메리카노 3,500원<br />자두에이드 4,500원",카페로건 은 품질 좋은 원두만 사용한 커피와 디저트가 맛있는 카페입니다.,지하철 2호선 경대병원역 4번 출구 도보로 약 896m 거리.,버스 정류장은 중구청건너 정류장이 가장 가깝습니다.
11,1788,대구광역시 중구 남성로 111,전통차/커피전문점,리시트2,010-****-5505,평일 09:00 ~ 21:00 (주말 11:00 ~ 21:00),28석,1대,없음,영어 ,가능,불가능,불가능,불가능,"리시트커피 4,500원<br />크로와상 샌드위치 7,200원<br />카페라떼 4,000원 <br />그린애플 티에이드 5.500원",리시트 는 직접 로스팅한 원두를 사용해 진하고 고소한 에스프레소가 인상적인 카페입니다.,"지하털 1,2호선 반월당역 18번 출구에서 도보로 약 248m 거리.",버스 정류장은 약령시입구 정류장이 가장 가깝습니다.
12,1787,대구광역시 중구 남산동 938-9,한식,남산면,053-568-9090,11:00 ~ 21:00,56석(룸4),없음,없음,영어 ,가능,불가능,불가능,가능,"매생이 굴국밥 9,000원<br />칼국수 8,000원<br />매생이 굴전 15,000원<br />수육 14,000원 ~ 28,000원","남산면 은 좋은 건강에 좋은 매생이와 굴을 사용해 요리하는 굴, 매생이 전문 한식당입니다.","지하철 1,2호선 반월당역 20번 출구에서 도보로 약 128m 거리.",버스 정류장은 현대백화점.동아쇼핑건너 정류장이 가장 가깝습니다.
13,1786,대구광역시 중구 봉산동 225-5,디저트/베이커리,카이스샌드위치샵,010-****-3774,08:00 ~ 18:00,33석,없음,instagram.com/kais_sandwichshop,영어 일본어 ,가능,불가능,불가능,불가능,"루벤 샌드위치 16,000원<br />에그인헬 12,000원<br />프렌치 토스트 17,000원<br />아메리카노 4,000원",카이스샌드위치샵 은 항상 좋은 재료와 정성을 가득 담아 음식을 만드는 브런치 카페입니다.,"지하철 1,2호선 반월당역 9번 출구 도보로 약 332m 거리.",버스 정류장은 봉산가구골목(서편) 정류장이 가장 가깝습니다.
14,1785,대구광역시 중구 공평동 1-1,양식,오일리버거,053-213-0512,"11:00 ~ 21:00 (금,토 11:00 ~ 22:00)",18석,"공영주차장,가까운유료주차장이용",www.instagram.com/oilyburger/,가능한 외국어가 없습니다.,가능,불가능,불가능,불가능,"오일리버거 8,000원<br />쉬림프버거 8,500원<br />트로피컬버거 8,500원<br />에그해쉬버거 9,000원",오일리버거 는 빠르고 간편한 패스트푸드의 본질은 유지하면서 신선한 식재료들만으로 구성하여 안심하고 먹을 수 있는 건강한 프리미엄 수제버거 전문점입니다.,지하철 1호선 중앙로역 3번 출구에서 도보로 약 452m 거리.,버스 정류장은 2.28기념중앙공원건너2 정류장이 가장 가깝습니다.
15,1784,대구광역시 중구 공평동 82-3,디저트/베이커리,팜테이블,053- 256-7436,12:30 ~ 22:00,46석,없음,없음,가능한 외국어가 없습니다.,가능,불가능,불가능,불가능,"수플레 팬케이크 11,000원 <br />커스터드크림 팬케이크 14,000원 <br />과일 수플레 팬케이크 16,000원 <br />플레인 팬케이크 12,000원",팜테이블 은 여러 가지의 팬케이크를 한국식으로 풀어낸 한국 최초의 팬케이크 전문점입니다.,지하철 1호선 중앙로역 2번 출구에서 약 678m 거리.,버스 정류장은 2.28기념중앙공원앞 정류장이 가장 가깝습니다.
16,1783,대구광역시 중구 공평동 10-2,한식,동아식당,010-****-1017,11:30 ~ 21:00,12석,없음(유료주차장),www.instagram.com/dongah__,가능한 외국어가 없습니다.,불가,불가능,불가능,불가능,"계란김밥 8,000원<br />고등어국수 11,000원<br />된장비빔면 9,500원 <br />김치볶음밥 9,500원",동아식당은 익숙함을 바라보는 새로운 관점이라는 메시지 아래에서 경상도의 지역성과 계절성을 이곳만의 시각으로 퓨전 한식을 담고 있습니다.,지하철 1호선 중앙로역 3번 출구에서 도보로 약 481m 거리.,버스 정류장은 대구시동인청사건너 정류장이 가장 가깝습니다.
17,1772,대구광역시 중구 봉산동 35-96,디저트/베이커리,빠다롤뺑프랑스,053-424-2025,09:00 ~ 22:00,없음,없음(인근유료주차장이용),www.instagram.com/bbadalol,영어 ,가능,불가능,불가능,불가능,"마늘바게트 6,700원<br />딸기식빵 5,500원<br />빠다롤(대) 7,700원<br />아메리카노 3,000원",빠다롤뺑프랑스 는 화학 재료를 사용하지 않고 발효배양액종 을 사용해 건강한 빵을 만들고 있는 베이커리 전문점입니다.,"지하철 1호선, 2호선 반월당역 10번 출구에서 도보로 약 157m 거리.",버스 정류장은 2호선반월당역1 정류장이 가장 가깝습니다.
18,1767,대구광역시 중구 봉산동 220-47,한식,편밀밀,0507-1389-3848,10:00 ~ 22:00,20석,없음,www.nabjack.com,영어 ,가능,불가능,불가능,불가능,"편밀밀 라자냐 9,500원 <br />편밀밀 어항가지 납작만두 13,000원 <br />편밀밀 부추절이 납작만두 8,000원<br />",편밀밀 은 1998년 대구 칠성시장 에서부터 한병규 장인의 손으로 만들어온 납작만두 를 활용해 만들어진 납작만두 요리 전문점입니다.,"지하철 1,2호선 반월당역 9번 출구에서 보도로 약 464m 거리.",버스 정류장은 봉산가구골목(서편) 정류장이 가장 가깝습니다.
19,1732,대구광역시 중구 동인동2가 61-10,한식,모두국밥,0507-1308-1567,07:00 ~ 21:00,48석(룸1개),없음,없음,가능한 외국어가 없습니다.,가능,불가능,가능,가능,"순대국 8,000원 <br />뼈해장국 8,000원 <br />순대정식 11,000원<br />",모두국밥 은 한국인의 입맛에 맞춘 푸짐한 한 끼의 국밥을 남녀노소 모두 좋아할 수 있는 브랜드로 발전 시켜온 국밥 전문점입니다.,지하철 1호선 칠성시장역 3번 출구에서 도보로 약 738m 거리.,버스 정류장은 동인치안센터건너 정류장이 가장 가깝습니다.
20,1694,대구광역시 중구 삼덕동2가 219-1,한식,송림식당,053-424-3838,11:00 ~ 20:00,80석,9대,없음,영어 ,가능,불가능,불가능,가능,"복어매운탕/지리 9,000원<br />밀복매운탕/지리 12,000원<br />복어수육 45,000원<br />모듬회 20,000원<br />껍질무침 15,000원",송림복어 는 50년 이상 전통의 복어 요리 전문점입니다.,지하철 2호선 경대벽원역 4번 출구에서 도보로 약 232m 거리.,버스 정류장은 경북대학교병원앞 정류장이 가장 가깝습니다.
21,1691,대구광역시 중구 삼덕동1가 21-10,양식,빈플러스 테이스팅 스푼(TASTING SPOON),053-424-5925,10:00 ~ 22:00,22석,유료주차장,없음,가능한 외국어가 없습니다.,가능,불가능,불가능,불가능,"스테이크 고추오일파스타 15,000원<br />로제새우파스타 15,000원<br />맛간장 불고기오일파스타 15,000원<br />",테이스팅 스푼(TASTING SPOON) 은 저렴한 가격에 스테이크와 파스타를 즐길 수 있는 가성비 좋은 양식 전문점입니다.,"지하철 1,2호선 반월당역 10번 출구에서 도보로 약 528m 거리.",버스 정류장은 삼덕성당앞 정류장이 가장 가깝습니다.
22,1688,대구광역시 중구 동성로2가 70-1,한식,중앙떡볶이,053-424-7692,11:30 ~ 19:00,50석,없음(인근유료주차장이용),없음,가능한 외국어가 없습니다.,불가능,불가능,불가능,불가능,"쌀떡볶이+납작만두 (섞어 1인분)  4,000원<br />쌀떡볶이 4,000원<br />납작만두 4,000원<br />순대 4,000원",30년 이상 한 자리를 지켜온 동성로의 명물 박석규 중앙떡볶이 쌀로 만든 떡볶이와 납작만두가 별미인 분식점입니다.,지하철 1호선 중앙로역 2번 출구에서 도보로 약 365m,버스 정류장은 2.28기념중앙공원앞 정류장이 가장 가깝습니다.
23,1661,대구광역시 중구 대봉동 31-67,양식,가스트로락,053-281-5959,11:30 ~ 22:00 (브레이크 타임 15:00 ~ 18:00),24석,"김광석길공영주차장(식사비에서2,000원할인)",없음,영어 ,가능,불가능,불가능,가능,"런치코스 33,000원 ~ 39,000원<br />디너코스 49,000원 ~ 69,000원",100% 핸드메이드로 모든 음식을 직접 만들고 가성비 좋은 유러피안 레스토랑입니다.,지하철 2호선 경대병원역  3번 출구에서 도보로 약 544m 거리.,버스 정류장은 방천시장(김광석길)앞 정류장이 가장 가깝습니다.
24,1648,대구광역시 중구 삼덕동1가 14-3,세계요리,차이,053-254-3965,12:00 ~ 22:00 (브레이크타임 15:30 ~ 17:00),26석,없음(인근유료주차장이용),instagram.com/chai_daegu,가능한 외국어가 없습니다.,가능,불가능,불가능,불가능,"팟타이 15,000원<br />아시안슈림프라이스 17,000원<br />팟씨유(치킨) 15,000원 <br />로제 가츠돈 14,000원 <br />",차이 는 미들급 다이닝을 지향하는 태국 요리 및 일본 요리 등 아시안 퓨전 음식 전문점입니다.,"지하철 1호선, 2호선 반월당역 10번 출구에서 도보로 약 323m 거리.",버스 정류장은 2호선반월당역1 정류장이 가장 가깝습니다.
25,1647,대구광역시 중구 종로2가 1,일식,종로횟집,053-252-5858,11:00~01:00 (브레이크 타임 14:30~16:30),100석,없음(인근유료주차장이용),없음,가능한 외국어가 없습니다.,가능,불가능,불가능,가능,"모듬회(소) 55,000원<br />방어회(소) 60,000원<br />모듬해물 35,000원 <br />","종로횟집 은 신선한 해산물과 회, 물회가 유명한 이자카야 횟집입니다.",지하철 1호선 중앙로역 1번 출구에서 도보로 약 231m 거리.,버스 정류장은 만경관건너 정류장이 가장 가깝습니다.
26,1627,대구광역시 중구 남성로 102-1,일식,스시준,053-219-1916,11:30~20:30 (브레이크 타임 15:00 ~ 17:00),26석,없음,없음,가능한 외국어가 없습니다.,불가능,불가능,불가능,불가능,"스시준스시A 16,000원<br />스시준스시B 16,000원<br />연어세트 16,000원<br />",스시준 은 연어초밥으로 유명한 초밥 전문점입니다.,"지하철 1호선, 2호선 반월당역 17번 출구에서 도보로 약 160m 거리.",버스 정류장은 약령시입구 정류장이 가장 가깝습니다.
27,1626,대구광역시 중구 종로2가 90,한식,미조찜탕,053-257-1353,10:00 ~ 22:00,60석(룸5),없음,없음,가능한 외국어가 없습니다.,가능,불가능,불가능,가능,"동태탕 9,000원<br />가오리찜 25,000원 ~ 35,000원<br />부추전 8,000원",미조찜.탕은 동태탕과 각종 찜 종류가 유명한 탕.찜 전문점입니다.,"지하철 1호선, 2호선 반월당역 15번 출구에서 도보로 약 184m 거리",버스 정류장은 약령시건너(동성로입구) 정류장이 가장 가깝습니다.
28,1624,대구광역시 중구 남산동 2111-4,한식,세연전통콩국,053-257-9915,10:00 ~ 03:00,68석,없음(공영주차장유료),blog.naver.com/emailforyou,영어 중국어 ,불가,불가능,불가능,불가능,"콩국 5,000원<br />돈까스 8,000원<br />잔치국수 5,000원<br />검은콩국수 7,500원<br />옛날토스트 3,500원",20년 전통을 자랑하는 세연전통콩국 은 건강한 음식을 저렴하게 맛볼 수 있는 음식점입니다.,"지하철 1호선, 3호선 명덕역 1번 출구에서 도보로 약 126m 거리.",버스 정류장은 명덕초등학교앞 정류장이 가장 가깝습니다.
29,1623,대구광역시 중구 남산동 939-1,한식,정담(정성을 담은),053-253-5263,11:00 ~ 21:30,64석(룸3),없음,없음,가능한 외국어가 없습니다.,가능,불가능,불가능,가능,"정담정식 15,000원 <br />돼지갈비찜 48,000원<br />코다리찜 50,000원<br />",정담 은 정성을 담은 음식을 대접하고 싶은 오너 셰프의 마음이 담긴 우리 고유의 전통 방식으로 음식을 조리하는 한정식 전문점입니다.,"지하철 1호선, 2호선 반월당역 19번 출구에서 도보로 약 164m 거리.",버스 정류장은 현대백화점.동화백화점건너 정류장이 가장 가깝습니다.
30,1622,대구광역시 중구 종로2가 2-2,한식,미금수뿔,010-****-2854,16:00 ~ 02:00,50석,없음(인근유료주차장이용),없음,영어 일본어 중국어 ,가능,불가능,불가능,불가능,"미식가용 삼겹살 9,800원 <br />항정살 9,800원 <br />가브리살 9,800원 <br />삼겹살 9,500원<br />",미금수뿔 은 돼지고기 전문점으로 최상의 품질인 고기만 엄선하여 판매하고 있는 음식점입니다.,"지하철은 1호선, 2호선 반월당역 15번 출구에서 약 252m 거리.",버스 정류장은 만경관건너 정류장이 가장 가깝습니다.
31,1621,대구광역시 중구 남성로 103-2,한식,거송갈비찜,053-424-3335,11:00 ~ 21:00,18석,없음(인근유료주차장이용),없음,영어 일본어 중국어 ,가능,불가능,불가능,가능,"소갈비찜(1인분) 19,000원 <br />돼지갈비찜(1인분) 12,000원 <br />냉면 9,000원 <br />",거송갈비찜은 엄선된 질 좋은 돼지고기 립을 대구 약전골목 전통한방 약재를 넣어 숙성시킨 후 비법 소스를 듬뿍 넣어 부드럽고 매콤하게 만든 갈비찜 전문점입니다.,"지하철 1호선, 2호선 반월당역 17번 출구에서 도보로 약 201m 거리.",버스 정류장은 약령시입구 정류장이 가장 가깝습니다.
32,1620,대구광역시 중구 남산동 253-1,중식,유창반점,053-254-7297,11:00 ~ 20:00,45석,없음(인근유료주차장이용),없음,중국어 ,불가,불가능,불가능,불가능,"중화비빔밥 8,000원<br />중화비빔면 8,000원<br />짬뽕 8,000원<br />탕수육 12,000원 ~ 30,000원",유창반점 은 중구 남산동에 위치한 짬뽕과 중화비빔밥이 유명한 중국집입니다.,"지하철 1호선, 2호선 반월당역 19번 출구에서 도보로 약 364m 거리.",버스 정류장은 남산2동주민센터건너 정류장이 가장 가깝습니다.
33,1618,대구광역시 중구 봉산동 35-62,일식,도마29,053-216-1129,11:00 ~ 21:00 (브레이크타임 15:30 ~ 17:00),23석,없음(인근유료주차장이용),없음,영어 중국어 ,불가,불가능,불가능,불가능,"연어초밥 16,000원 <br />모듬초밥 12,000원 <br />흐트러진덮밥 12,000원 <br />연어샐러드 9,000원 <br />사케동 13,000웜<br />","도마29 는 동성로 [통신골목] 인근에 위치한 초밥 전문점으로 덮밥, 샐러드 등 다양한 일본 요리를 즐기실 수 있습니다.","지하철 1호선, 2호선 반월당역 10번 출구에서 도보로 약 119m 거리.",버스 정류장은 2호선반월당역1 정류장이 가장 가깝습니다.
34,1617,대구광역시 중구 동산동 125,디저트/베이커리,빵장수단팥빵,053-423-0088,09:00 ~ 22:00,없음,없음,없음,가능한 외국어가 없습니다.,가능,불가능,불가능,불가능,"생크림 단팥빵 2,800원<br />통단팥빵 2,300원<br />무설탕 단팥빵 2,500원<br />녹차 크림치즈 2,500원",빵장수단팥빵 은 프로 제빵왕인 이곳의 오너 셰프가 어린 시절 할머니가 사주던 단팥빵 맛을 잊지 못해 시작하게 된 단팥빵 전문점입니다.,지하철 3호선 서문시장역 1번 출구에서 도보로 약 285m 거리.,버스 정류장은 섬유회관앞 정류장이 가장 가깝습니다.
35,1616,대구광역시 중구 계산동2가 17,한식,다금예전칼국수,053-255-1515,11:00 ~ 21:00,100석(룸1),5대,없음,가능한 외국어가 없습니다.,가능,불가능,불가능,가능,"영양칼국수 8,000원<br />찹쌀수제비 9,000원<br />명태찜(코다리) 24,000원",오랜 전통을 자랑하는 다금예전칼국수 는  시내에서 먹거리 음식이 많지 않던 시절부터 지금까지 사람들의 쉼터 역할을 하고 있는 칼국수 전문점입니다.,지하철 3호선 서문시장역 1번 출구에서 도보로 약 445m 거리.,버스 정류장은 섬유회관건너2 정류장이 가장 가깝습니다.
36,1614,대구광역시 중구 동인동4가 467-1,한식,김해통닭,053-427-6940,11:30 ~ 23:00 (수요일 11:30 ~ 16:00),40석,노상주차,없음,가능한 외국어가 없습니다.,가능,불가능,불가능,불가능,"닭불고기 18,000원<br />닭똥집 7,000원 ~ 12,000원<br />통닭(양념, 간장, 후라이드) 16,000원<br />",44년 이상 전통을 자랑하는 김해통닭 은 닭불고기라는 특별한 메뉴를 판매하고 있는 닭 요리 전문점입니다.,지하철 1호선 신천역 3번 출구에서 도보로 약 1142m 거리.,버스 정류장은 동인초등학교건너 정류장이 가장 가깝습니다.
37,1613,대구광역시 중구 남성로 48-1,세계요리,삐에뜨라,053-742-4819,12:00 ~ 21:30,36석(룸1),없음(인근유료주차장이용),blog.naver.com/pietra2013,영어 ,가능,불가능,불가능,가능,"감자뇨끼 22,000원<br />마르게리타 피자 20,000원<br />안심스테이크 53,000원<br />",삐에뜨라 (Pietra) 는 이태리어로 단단한 돌을 의미를 담아 탄생하게 된 이탈리안 레스토랑입니다.,"지하철 1호선, 2호선 반월당역 18번 출구에서 도보로 약 392m 거리.",버스 정류장은 약령시입구 정류장이 가장 가깝습니다.
38,1612,대구광역시 중구 계산동2가 171,전통차/커피전문점,라미아에밀리 ( La mia emily ),053-256-8282,11:00 ~ 22:00,132석,없음(유료주차장),없음,영어 중국어 ,가능,불가능,불가능,불가능,"에밀리 브런치 세트 14,500원 <br />가지덮밥 14,000원  <br />쉬림프 루꼴라 피자 18,000원 <br />",“라 미아 에밀리” 는 한국의 전통적인 미를 살린 한옥을 배경으로 한 뷰가 이쁜 카페입니다.,"지하철 1호선, 2호선 반월당역 18번 출구에서 도보로 약 206m",버스 정류장은 약령시입구 정류장이 가장 가깝습니다.
39,1611,대구광역시 중구 남성로 82,한식,더메밀,053-753-4321,11:30 ~ 20:30 (브레이크타임 15:30 ~ 17:00),40석,없음(공영주차장유료),없음,영어 ,가능,불가능,불가능,불가능,"메밀묵밥 9,000원<br />메밀칼국수 9,000원<br />메밀버섯전 11,000원<br />보쌈 38,000원 <br />훈제 오리 수육 30,000원",더메밀 은 매일 직접 만드는 첨가물이 전혀 없는 메밀 요리를 즐길 수 있는 곳으로 경상도 지역의 전통 음식을 맛볼 수 있는 메밀 요리 전문점입니다.,"지하철 1호선, 2호선 반월당역 18번 출구에서 도보로 약 467m 거리.",버스 정류장은 매일신문사앞 정류장이 가장 가깝습니다.
40,1610,대구광역시 중구 삼덕동3가 217-5,세계요리,멘타와이,053-252-1305,11:00 ~ 21:00 (브레이크타임 15:00~17:00),24석,없음,없음,영어 ,가능,불가능,불가능,불가능,"차돌쌀국수 10,000원<br />나시고랭 10,000원<br />팟타이 10,000원<br />분짜 14,000원",멘타와이 는 깔끔하고 세련된 인테리어 그리고 청결한 오픈 주방이 한눈에 보이는 동남아 음식 전문점입니다.,지하철 2호선 경대병원역 4번 출구에서 도보로 약 756m,버스 정류장은 방천시장(김광석길)건너 정류장이 가장 가깝습니다.
41,1609,대구광역시 중구 대봉동 7-6,특별한 술집,대도양조장,053-352-2345,15:00 ~ 14:00,150석,20대,없음,영어 ,가능,불가능,불가능,불가능,"감바스 19,000원<br />슈바인학세 36,000원<br />페퍼로니피자 17,000원 <br />",대도양조장 은 대구의 대표 관광지 ‘김광석 길’에 위치한 브루 펍(브루어리+펍)입니다.,지하철 2호선 경대병원역 3번 출구에서 도보로 약 435m,버스 정류장은 방천시장(김광석길)앞 정류장이 가장 가깝습니다.
42,1607,대구광역시 중구 시장북로 79-2,한식,대림가든,053-522-1822,11:30 ~ 20:00,54석(룸4),없음,없음,가능한 외국어가 없습니다.,가능,불가능,불가능,가능,"곤드레밥 촌된장 12,000원<br />장어탕(시세)<br />고등어구이 정식 13,000원",대림가든 은 전통 방식으로 만든 민물 장어탕과 다양한 한식을 즐길 수 있는 한식 전문점입니다.,지하철 3호선 서문시장역 2번 출구에서 도보로 약 319m,버스 정류장은 달성공원건너 정류장이 가장 가깝습니다.
43,1606,대구광역시 중구 남산동 464,한식,토담집,053-255-3257,10:00 ~ 22:00,40석,유료주차장,없음,영어 ,가능,불가능,불가능,가능,"시래기 코다리찜 13,000원<br />갈치찌개 17,000원<br />갈치구이 17,000원<br />고추장 불고기 9,000원",토담집 은 다양한 한식을 집 밥처럼 즐길 수 있는 한식 전문점입니다.,"지하철 1호선, 2호선 반월당역 19번 출구에서 도보로 약 151m",버스 정류장은 현대백화점.동아쇼핑건너 정류장이 가장 가깝습니다.
44,1605,대구광역시 중구 남산동 2118-2,한식,제일콩국,053-253-4863,07:30 ~ 23:00,50석,30대,없음,영어 일본어 중국어 ,가능,불가능,가능,불가능,"제일콩국 5,000원<br />토스트 4,000원<br />돈까스 9,000원",제일콩국 은 간단한 식사나 간식으로 먹기에 좋은 콩국과 토 스트를 먹을 수 있는 음식점입니다.,지하철 3호선 남산역 2번 출구에서 도보로 약 270m,버스 정류장은 명덕초등학교앞 정류장이 가장 가깝습니다.
45,1604,대구광역시 중구 동산동 108,한식,동해식당,053-253-6037,10:00 ~ 20:00,32석(룸1),유료주차장,없음,가능한 외국어가 없습니다.,가능,불가능,불가능,가능,"동태탕 8,000원 <br />갈치찌개(2인분) 18,000원 <br />비빔밥/된장찌개/청국장 각 7,000원 <br />코다리찜 30,000원 ~ 35,000원<br />","고향 어머니의 손맛으로 정갈하게 마련한 한식(비빔밥, 청국장, 동태탕, 코다리찜 등)을 맛볼 수 있는 음식점입니다.",지하철 3호선 서문시장역 1번 출구에서 도보로 약 294m,버스 정류장은 섬유회관앞 정류장이 가장 가깝습니다.
46,1603,대구광역시 중구 공평동 56-4,한식,팔공막창투,053-426-4333,11:00 ~ 01:00,35석,주변유료주차장,없음,영어 일본어 중국어 ,가능,불가능,불가능,가능,"팔공막창 9,000원<br />생막창 9,000원<br />삼겹살 9,000원<br />불닭발 9,000원",팔공막창 은 특제 양념으로 숙성한 막창과 포장마차 같은 소박한 분위기에서 막창을 제대로 즐기실 수 있습니다.,지하철 1호선 중앙로역 2번 출구 도보로 약 465m,버스 정류장은 2.28기념중앙공원앞 정류장이 가장 가깝습니다.
47,1602,대구광역시 중구 동인동2가 114,한식,갈비탕,053-422-2114,11:00 ~ 20:00,60석,주변유료주차장,없음,가능한 외국어가 없습니다.,가능,불가능,불가능,불가능,"갈비탕 12,000원<br />갈비볶음 35,000원 <br />갈비전골 35,000원 <br />",동인동 찜갈비 골목 에 위치한 갈비탕집 은 제대로 된 갈비탕 맛을 즐길 수 있는 갈비탕 전문점입니다.,지하철 1호선 칠성시장역 3번 출구에서 도보로 약 684m,버스 정류장은 동인치안센터앞 정류장이 가장 가깝습니다.
48,1601,대구광역시 중구 삼덕동3가 383,중식,동네짬뽕,053-428-3848,11:00 ~ 21:00,18석,없음,없음,가능한 외국어가 없습니다.,,불가능,불가능,불가능,"동네짬뽕 7,000원<br />동네짬뽕밥 7,000원<br />동네유니짜장 5,000원<br />동네찹쌀탕수육 11,000",동네짬뽕 은 고추기름과 캡사이신을 전혀 사용하지 않는 고기 육수 베이스의 짬뽕 전문점입니다.,지하철 2호선 경대병원역 4번 출구에서 도보로 약 657m,버스 정류장은 중구청건너 정류장이 가장 가깝습니다.
49,1600,대구광역시 중구 남산동 2627-3,한식,동동배,053-257-5567,16:30 ~ 02:00,54석,4대,없음,가능한 외국어가 없습니다.,가능,불가능,불가능,불가능,"생막창(200g) 9,000원 <br />삼겹살(150g) 9,000원 <br />차돌박이(120g) 9,000원 <br />김치전골 18,000원<br />",동동배 는 일명 대구 걸레막창 으로 유명한 막창 전문점으로 직접 손질과 양념을 만들어 판매하고 있는 막창구이 전문점입니다.,"지하철 2호선, 3호선 청라언덕역 4번 출구에서 도보로 약 544m",버스 정류장은 대명시장건너 정류장이 가장 가깝습니다.
50,1599,대구광역시 중구 공평동 69-2,세계요리,바스코(VASCO),053-422-9354,12:00 ~ 21:00,50석,없음,없음,영어 일본어 ,가능,불가능,불가능,불가능,"핫치킨퀘사디아 15,900원  <br />포크치미창가 17,900원 <br />칠리새우타코(2p) 9,900원<br />",바스코(VASCO) 는 신선한 재료와 홈메이드 방식으로 만들어지는 퓨전 멕시코 요리를 맛볼 수 있는 음식점입니다.,"지하철 1호선, 2호선 반월당역 10번 출구에서 도보로 약 747m.",버스 정류장은 2.28기념중앙공원앞 정류장이 가장 가깝습니다.
51,1598,대구광역시 중구 삼덕동3가 277-2,일식,굿또스시,053-255-3534,12:00 ~ 22:00,10석,없음,없음,영어 일본어 ,가능,불가능,불가능,가능,"디너오마카세 80,000원<br />런치오마카세 45,000원<br />",굿또스시 는 오마카세(요리사에게 맡기는 요리) 전문점으로 다양한 일식 코스 요리를 즐길 수 있는 곳입니다.,지하철 2호선 경대병원역 4번 출구에서 도보로 약 570m,버스 정류장은 방천시장(김광석길)건너 정류장이 가장 가깝습니다.
52,1597,대구광역시 중구 동인동4가 71,한식,금이옥식당,053-527-4301,11:00 ~ 소진 시까지,50석(룸1),8대,없음,가능한 외국어가 없습니다.,불가,불가능,불가능,가능,"골프채 왕갈비탕 13,000원 <br />",금이옥식당 은 가마솥에 직접 끓인 육수로 시원하고 담백하게 만든 갈비탕을 맛볼 수 있는 갈비탕 전문점입니다.,지하철 2호선 경대병원역 4번 출구에서 도보로 약 1131m 거리.,버스 정류장은 동인초등학교건너 정류장이 가장 가깝습니다.
53,1596,대구광역시 중구 화전동 2-13,한식,할매집식당,053-425-9587,11:30 ~ 20:00,72석(룸1),유료주차장,없음,가능한 외국어가 없습니다.,가능,불가능,불가능,가능,"오삼볶음(돼지+오징어) 16,000원<br />돼지두루치기 16,000원<br />오징어볶음 16,000원 <br />",대구역할매집식당 으로 유명한 할매집식당 은 집 밥을 대접하는 마음으로 만든 한식을 맛볼 수 있는 오랜 전통의 한식당입니다.,지하철 1호선 중앙로역 3번 출구에서 도보로 약 219m,버스 정류장은 경상감영공원앞 정류장이 가장 가깝습니다.
54,1595,대구광역시 중구 포정동 21-3,한식,유경식당,053-252-5098,09:00 ~ 22:00,52석,유료주차장,없음,가능한 외국어가 없습니다.,가능,불가능,불가능,가능,"대구탕 20,000원<br />아구탕 15,000원<br />보리굴비 20,000원",유경식당 은 30년 2대에 신선한 재료로 맛을 내는 대구탕 전문점입니다.,지하철 1호선 중앙로역 4번 출구에서 도보로 약 172m.,버스 정류장은 경상감영공원건너 정류장이 가장 가깝습니다.
55,1594,대구광역시 중구 계산동1가 78-1,한식,강구,053-253-8944,11:00 ~ 21:00,64석,대호유료주차장이용시무료,없음,가능한 외국어가 없습니다.,가능,불가능,불가능,가능,"생대구탕/생아구탕 15,000원 <br />생아구수육 40,000원 ~ 50,000원 <br />미주구리회 25,000원 ~ 30,000원<br />",강구식당 은  생대구탕과 매콤한 특제 소스에 찍어 먹는 야들야들한 생아구수육이 특별한 집입니다.,지하철 3호선 서문시장역 1번 출구에서 도보로 약 560m,버서 정류장은 매일신문사건너 정류장이 가장 가깝습니다
56,1593,대구광역시 중구 삼덕동3가 227-6,한식,해피치즈스마일,053-263-5445,11:30 ~ 21:30,32석,없음,happycheesesmile.com,가능한 외국어가 없습니다.,가능,불가능,불가능,불가능,"떡볶이 5,500원 <br />해피 당볶이 7,500원 <br />햅삐로제볶이 9,500원 <br />모둠튀김 7,500원 <br />돈가스 플레이트 14,000원<br />",분식으로 모두를 행복하게 만들고 싶다 는 마음으로 상호를 만든 해피 치즈 스마일 은 눈으로 먹고 맛으로 먹는 떡볶이와 즉석에서 바로 튀겨내는 돈까스를 즐길 수 있습니다.,지하철 2호선 경대병원역 4번 출구에서 도보로 약 652m 거리.,버스 정류장은 방천시장(김광석길)건너 정류장이 가장 가깝습니다.
57,1592,대구광역시 중구 봉산동 132-17,양식,함박별장,053-255-3288,12:00 ~ 21:00,32석,유료주차장,instagram.com/villa_de_hamburg,가능한 외국어가 없습니다.,,불가능,불가능,불가능,"오리지널 함박스테이크 16,500원<br />스파이시 토마토 함박스테이크 17,800원<br />로제 함박스테이크 17,800원 <br />",함박별장은 2016년 봉산동에서 시작한 고품격 수제 함박스테이크 전문점입니다.,"지하철 1호선, 2호선 반월당역 9번 출구에서 도보로 약 155m 거리.",버스 정류장은 봉산문화거리앞 정류장이 가장 가깝습니다.
58,1590,대구광역시 중구 봉산동 77,한식,오이쏘이식당,070-4155-1380,11:30 ~ 20:00 (브레이크타임 15:30 ~ 17:30),15석,없음,www.instagram.com/oisoi_kitchen_,영어 ,불가,불가능,불가능,불가능,"차돌박이된장찌개 10,000원<br />몽글몽글 순두부찌개 10,000원<br />항정살덮밥 11,000원<br />칠리새우덮밥 12,000원","오이쏘이식당 은 된장찌개, 순두부찌개와 덮밥류를 맛볼 수 있는 아담한 한식집입니다.","지하철 1호선, 2호선 반월당역 9번 출구에서 도보로 228m",버스 정류장은 2호선반월당역2 정류장이 가장 가깝습니다.
59,1589,대구광역시 중구 봉산동 168-37,한식,늘푸른솔밭길(봉산본점),053-252-9233,11:30 ~ 22:00,228석(룸5),25대,없음,영어 ,가능,불가능,불가능,가능,"황제꽃갈비살(600g) 45,000원<br />모듬세트(한근) 51,000원 <br />특갈비탕 10,000원",쾌적한 공간에서 저렴하고 맛있는 갈비를 맛볼 수 있는 소갈비 전문점입니다.,지하철 2호선 경대병원역 2번 출구에서 도보로 약 504m,버스 정류장은 봉산가구골목(서편) 정류장이 가장 가깝습니다.
60,1588,대구광역시 중구 동성로2가 67-4,일식,든해,070-5123-8825,11:00 ~ 21:00,9석,유료주차장,없음,가능한 외국어가 없습니다.,불가능,불가능,불가능,불가능,"규동 8,400원<br />한우호르몬동 14,900원<br />사케동 13,900원<br />스테이크동 11,900원",든해 는 똑같은 일상 속에서 따뜻한 공간에서 정갈한 밥을 먹고 갈 수 있는 곳을 추구하는 일본 덮밥 전문점입니다.,지하철 1호선 중앙로역 2번 출구에서 도보로 263m,버스 정류장은 CGV대구한일앞 정류장이 가장 가깝습니다.
61,1587,대구광역시 중구 계산동2가 178,한식,더콩스,053-423-7111,11:00 ~ 21:00,56석,유료주차장,없음,영어 일본어 중국어 ,가능,불가능,불가능,가능,"사골순두부짬뽕 7,500원<br />순두부들깨백반 7,500원<br />맷돌 콩국수 8,500원<br />두부고기덮밥 8,000원",더콩스 는 건강한 국산콩으로 만든 다양한 음식을 즐길 수 있는 콩 요리 전문점입니다.,"지하철 1호선, 2호선 반월당역 18번 출구에서 232m이며, 도보로 약 4분 거리.",버스 정류장은 약령시입구 정류장이 가장 가깝습니다.
62,1583,대구광역시 중구 삼덕동2가 264,한식,삼덕골남원추어탕,053-423-4428,11:00 ~ 20:00,60석(룸3),3대,없음,영어 중국어 ,가능,불가능,불가능,가능,"추어탕 10,000원<br />한우미역국 10,000원<br />추어튀김 15,000원",삼덕골 남원추어탕 은 구수한 보양식인 추어탕 전문점입니다.,"지하철 2호선 경대병원역 4번 출구에서 207m 이며, 도보로 약 2분 거리.",버스 정류장은 경북대학교병원앞 정류장이 가장 가깝습니다.
63,1567,대구광역시 중구 종로1가 34-2,디저트/베이커리,에스파스 베이커리,053-267-7788,07:30 ~ 00:30,36석,없음,없음,영어 ,가능,불가능,불가능,불가능,"갈릭바게트 5,900원<br />초코파이 4,000원<br />바스크치즈케이크 13,800원<br />",에스파스 베이커리는 유럽풍 베이커리 카페입니다. 정직한 재료만 엄선하여 빵을 만들고 있습니다.,"지하철 1호선 중앙로역 1번 출구에서 335m이며, 도보로 약 5분 거리.",버스 정류장은 만경관건너 정류장이 가장 가깝습니다.
64,1558,대구광역시 중구 교동 62-1,한식,강산면옥(교동점),053-425-1199,11:00 ~ 20:00 (월요일 11:00 ~ 16:00),100석(룸2),없음,www.kangsanfood.com,영어 ,가능,불가능,불가능,가능,"냉면 11,000원<br />갈비탕 14,500원 <br />불고기정식 13,500원",대구지역 최초로 평양식 냉면 전문점을 개업한 강산면옥은 2012년 [한국인이 사랑하는 오래된 한식당 100선]에 선정된 전통있는 평양식 냉면 전문점입니다.,지하철 1호선 중앙로역 1번 출구에서 도보로 약 6분 거리,버스 정류장은 대구역건너 정류장이 가장 가깝습니다.
65,1551,대구광역시 중구 종로2가 53-4,한식,이조한우명가,0507-1410-8898,17:00 ~ 24:00,40석,없음,없음,가능한 외국어가 없습니다.,,불가능,불가능,가능,"한우한마리 300g 48,000원 <br />한우 차돌세트 300g 39,000원<br />",한우 전문점 [이조명가한우]는 1+등급의 한우 갈비 전문점입니다.,"지하철 1호선, 2호선 반월당역 15번 출구에서 도보로 약 4분 거리.","버스 정류장은 약령시건너(동성로입구), 약령시앞 정류장이 가장 가깝습니다."
66,1546,대구광역시 중구 봉산동 127-1,한식,가미정샤보리,0507-1388-5556,10:00 ~ 15:00,28석,유료주차장,없음,영어 중국어 ,가능,불가능,불가능,가능,"[저염 메뉴] 소고기 부채살 쌈밥 샤브 <br />소고기 쌈밥 샤브샤브 10,000원 <br />소고기 손수제비 샤브샤브 10,000원 <br />소고기 월남쌈 샤브샤브 11,000원<br /><br />",중구 반월당 매트리프라자 지하에 위치한 [가미정샤보리]는 베트남 월남쌈과 함께 샤브샤브 즐길 수 있는 샤브샤브 전문점입니다.,지하철 1호선/2호선 반월당역 10번 출구 도보로 약 4분 거리.,버스 정류장은 경대사대부설고등학교앞 정류장이 가장 가깝습니다.
67,1545,대구광역시 중구 문화동 1-3,한식,교동명가,053-256-2508,09:00 ~ 21:00 (04:30 ~ 14:30(한시)),50석,없음,없음,가능한 외국어가 없습니다.,가능,불가능,불가능,가능,"황기돼지국밥 8,000원 <br />돈가스 7,500원 <br />소고기국밥 8,000원<br />","돼지국밥 전문점으로 시작한 [교동명가]는 돼지국밥 순대국밥 외 돈까스, 오리불고기, 갈치찌개 등 다양한 한식,경양식도 판매하고 있는 음식점입니다.",지하철 1호선 중앙로역 3번 출구에서 도보로 약 6분 거리.,버스 정류장은 대구역건너 정류장이 가장 가깝습니다.
68,1439,대구광역시 중구 대봉동 18-8,세계요리,인도가는길,0507-1439-1316,11:30 ~ 21:00 (15:30~17:00 브레이크타임),60석,가게앞3대,waytoindia2000.modoo.at,영어 ,가능,불가능,불가능,불가능,"[채식 메뉴 주문가능 - 야채 커리, 달 커리(렌틸콩), 시금치 커리, 단호박 커리, 야채브리야니 등] <br /><br />치킨커리 13,500원 <br />치킨 마크니 15,000원 <br />탄두리 치킨 28,500원<br />","[인도가는길]은 인도 정통의 커리를 맛볼 수 있는 곳으로 커리와 함께 파스타, 브리야니(인도식 볶음밥) 등 다양한 인도 음식의 풍미와 분위기를 즐기실 수 있습니다.","가장 가까운 지하철은 2호선 경대병원역 3번 출구에서 약 240m이며, 도보로 약 4분 거리입니다.",버스 정류장은 청구타운건너 정류장이 가장 가깝습니다.
69,1417,대구광역시 중구 남산동 2267-34,한식,미성당(본점),053-255-0742,10:30 ~ 21:00,28석,6대,없음,가능한 외국어가 없습니다.,불가,불가능,불가능,불가능,"[채식메뉴 - 납작만두]<br /><br />납작만두 4,500원<br />쫄면 5,000원 <br />우동 4,500원",대구 10味 납작 만두로 유명한 [미성당]은 50년 전통의 맛으로 미성당 납작만두의 원조로 유명한 곳입니다.,"지하철은 3호선 남산역 2번 출구 약 260m이며, 도보로 약 4분 거리입니다.",버스 정류장은 계명대학교대명캠퍼스건너 정류장이 가장 가깝습니다.
70,1412,대구광역시 중구 계산동1가 80,한식,거창식당,053-253-6699,10:00 ~ 22:00,80석(룸2),7대,없음,가능한 외국어가 없습니다.,가능,불가능,불가능,가능,"복어찜 은복 40,000원 ~ 50,000원 <br />복어찜 밀복 53,000원 ~ 68,000원 <br />아구찜 40,000원 ~ 50,000원 <br />은복불고기(1인분) 14,000원 <br />밀복불고기(1인분) 20,000원 <br />돌판밀복수육 68,000원 <br />복튀김 30,000원 <br />복껍질 15,000원 <br />특선연요리정식(1인) 20,000원",[거창복어]는 복어 요리 전문점입니다. 복어 요리와 더불어 특선연요리정식도 함께 즐기실 수 있습니다.,"지하철은 3호선 서문시장역 1번 출구 약 530m이며, 도보로 약 8분 거리입니다.",버스 정류장은 매일신문사건너 정류장이 가장 가깝습니다.
71,1403,대구광역시 중구 대봉동 11-49,한식,방천가족족발,053-252-1481,15:00 ~ 24:00,172석,김광석길공영주차장(유료),없음,영어 ,가능,불가능,불가능,불가능,"가족족발 23,000원<br />불족발 28,000원<br />보쌈수육 23,000원<br />",[방천가족족발]은 김광석거리 내 방천시장에 위치한 국내산 장족발만 엄선하여 사용하고 있는 맛있는 족발 전문점입니다.,"지하철은 2호선 경대병원역 3번 출구 약 510m이며, 도보로 약 6분 거리입니다.",버스 정류장은 방천시장(김광석길)앞 정류장이 가장 가깝습니다.
72,1392,대구광역시 중구 장관동 43-2,한식,약전삼계탕,053-253-2473,09:00 ~ 21:00,128석,2대,없음,영어 중국어 ,가능,불가능,불가능,가능,"송이한방삼계탕 24,000원 <br />능이한방삼계탕 20,000원 <br />한방삼계탕 16,000원<br />",[약전삼계탕]은 [대구약령시] 인근 위치한 삼계탕 전문점으로 한약재를 우려낸 국물에 닭을 고아낸 한방 삼계탕을 맛볼 수 있는 음식점입니다.,지하철 1호선/2호선 반월당역 18번 출구 약 380m 도보로 약 6분 거리.<br />,버스 정류장은 약령시입구 정류장이 가장 가깝습니다.
73,1391,대구광역시 중구 대봉동 13-4,한식,대한뉴스,053-423-3990,16:00 ~ 24:00,170석,없음,없음,가능한 외국어가 없습니다.,가능,불가능,불가능,불가능,"숙성한우등심 100g 22,000원 <br />한우꽃갈비 100g 25,000원 <br />숙성한우갈빗살 100g 19,000원<br />",[대한유스]는 1++(투플러스)한우만 엄선하여 30일 정도 숙성시켜 판매하는 원조 숙성 한우 돌판 직화구이 전문점입니다.,지하철 2호선 경대병원역 3번 출구 약 410m 도보로 약 6분 거리,버스 정류장은 방천시장(김광석길)앞 정류장이 가장 가깝습니다.
74,1390,대구광역시 중구 동인동1가 234-4,한식,진성분식,053-423-3141,9:00 ~ 20:00 (15:00~17:00 브레이크타임),52석(룸3),없음,없음,영어 일본어 ,가능,불가능,불가능,가능,"[저염 메뉴] 추어탕 8,000원<br />산채비빔밥 7,000원 <br />소곱창전골 10,000원<br />",[진성분식]은 100% 국내산 추어탕만 사용하고 있는 경상도식 추어탕 전문점입니다.,"지하철 1호선 칠성시장역 3번 출구 약 800m이며, 도보로 약 12분 거리.",버스 정류장은 대구광역시청앞 정류장이 가장 가깝습니다.
75,1267,대구광역시 중구 삼덕동3가 175-6,한식,막창도둑,053-255-8892,16:00 ~ 01:00,56석,2대,makchangdodook.com/,영어 일본어 ,가능,불가능,불가능,가능,"생막창 9,500원 <br />불막창 10,000원 <br />삼겹살 10,000원<br />",[막창도둑 삼덕점]은 프랜차이즈 막창 전문점으로 생과일 숙성막창을 두번 구운 참숯을 사용해 유해물질을 완전히 제거하여 안심하고 드실 수 있는 막창 전문점입니다.,"지하철은 2호선 경대병원역 4번 출구 방면으로 약 880m이며, 도보로 약 13분 거리입니다.",버스 정류장은 방천시장(김광석길)건너 정류장이 가장 가깝습니다.
76,1259,대구광역시 중구 덕산동 124-29,디저트/베이커리,르폴뒤,053-426-3006,10:00 ~ 22:30,30석,없음,blog.naver.com/lepouldu,영어 중국어 ,가능,불가능,불가능,불가능,"아메리카노 3,500원 <br />오리지널 크루아상 3,200원 <br />커스터드 크로와상 3,800원<br />",르폴뒤는 제대로 된 크로아상을 맛볼 수 있는 대구 속 작은 프랑스 베이커리 카페입니다.,"지하철은 1,2호선 반월당역 12번 출구 약 300m이며, 도보로 약 5분 거리입니다.",버스 정류장은 2호선반월당역1 정류장이 가장 가깝습니다.
77,1189,대구광역시 중구 서성로1가 68,한식,밀양,053-257-5830,07:00 ~ 22:00,20석,없음,없음,가능한 외국어가 없습니다.,가능,불가능,가능,불가능,"암뽕 20,000~30,000원 <br />순대 20,000~30,000원 <br />순대국밥 8,000원<br />",밀양식당은 60년 이상의 역사를 지닌 대구에서 가장 오래된 ( 현존 )  돼지국밥집으로 사골을 우려낸 국물을 사용한 전통 돼지국밥을 맛볼 수 있습니다.<br />,"지하철 3호선 서문시장역 1번 출구 약 740m이며, 도보로 약 11분 거리.",버스 정류장은 성내3동주민센터입구 정류장이 가장 가깝습니다.
78,1188,대구광역시 중구 동성로3가 59-1,한식,뉴욕통닭,053-253-0070,11:30 ~ 20:00,24석,없음,없음,가능한 외국어가 없습니다.,당일 예약 가능,불가능,불가능,불가능,"프라이드치킨 21,000원 <br />양념치킨 22,000원 <br />찜닭 28,000원<br />",40년 이상의 전통을 가지고 있는 뉴욕통닭은 대구 3대 통닭으로 불리며 가마솥에 튀겨낸 전통방식의 통닭을 맛볼 수 있는 있습니다.,지하철 환승역 반월당역 15번 출구 약 250m 도보로 4분 거리.,버스 정류장은 약령시건너(동성로입구) 정류장이 가장 가깝습니다.
79,1179,대구광역시 중구 공평동 95-23,중식,락짬뽕,053-431-3301,09:30 ~ 21:00,70석(룸1),없음(저녁시간주차가능),0534313301.bdp.kr/,영어 ,가능,불가능,불가능,가능,"왕해물락짬뽕 10,000원 <br />왕해물 굴짬뽕 9,500원 <br />등심탕수육(미니) 15,000원<br />",락짬뽕은 짬뽕 전문점으로 다양한 종류의 짬뽕과 중화요리를 즐기실 수 있습니다.,"지하철 1호선 중앙로역 7번 출구 약 570m이며, 도보로 약 9분 거리.",버스 정류장은 2.28기념중앙공원앞 정류장이 가장 가깝습니다.<br />
80,1178,대구광역시 중구 봉산동 24-3 2층,전통차/커피전문점,스위트앤드,053-253-8030,13:00 ~ 21:30,39석,없음,www.facebook.com/cafesweetand,영어 ,불가,불가능,불가능,불가능,"무민팬케이크 13,000원 <br />교토당고 6,500원 <br />딸기큐브파이 13,000원<br />",대구 최초의 Live디저트를 선보이는 스위트 앤드는 아늑한 복층 카페입니다.,"지하철 1,2호선 반월당역 10번 출구 약 570m이며, 도보로 약 9분 거리.",버스 정류장은 봉산문화거리건너 정류장이 가장 가깝습니다.<br />
81,1143,대구광역시 중구 동인동1가 351-11,한식,낙영찜갈비 별관,053-423-8330,10:00 ~ 21:00,172석(룸5),50대,www.nakyoung.com,일본어 중국어 ,가능,불가능,불가능,가능,"한우 찜갈비(180g) 30,000원 <br />미국산찜갈비(180g) 20,000원 <br />쇠고기찌개 8,000원<br />",낙영찜갈비는 1972년 술대포집부터 시작하여 40년 이상 동인동 소갈비찜의 맛을 지켜온 찜갈비 전문점입니다.,"지하철 1호선 칠성시장역 3번 출구 약 630m 이며, 도보로 약 10분 거리.",버스 정류장은 동인치안센터앞 정류장이 가장 가깝습니다.
82,1142,대구광역시 중구 동일동 32-2,일식,오호리준,0507-1402-8965,17:00 ~ 02:00,34석,유료주차장,www.ohorijoon.com/,영어 ,가능,불가능,불가능,불가능,"한우 명란 모츠나베+한우 우설 100g 75,000원<br />한우 차돌박이 모츠나베 + 한우 채끝살 100g 70,000원 <br />한우 탄탄나베+한우 채끝 100g 60,000원 <br />오뎅나베+모둠꼬치 44,000원 <br />",국내 최초 후쿠오카 다이닝 선술집(이자카야)으로 미니화로에 1등급 이상 한우 야키니쿠를 맛볼 수 있습니다.,"지하철 1호선 중앙로역 1번 출구 약 190m 이며, 도보로 약 3분 거리.",버스 정류장은 약령시앞 정류장이 가장 가깝습니다.
83,1122,대구광역시 중구 삼덕동1가 33-11,한식,고기굽는남자동성로점,053-425-5933,16:00 ~ 03:00,51석,없음,없음,영어 ,가능,불가능,불가능,가능,"삼겹살 13,000원 <br />목살 13,000원 <br />돼지왕갈비 13,000원<br />",고기굽는남자 동성로 본점은 다년간의 돼지선별 노하우로 최상급 돼지고기만 전국에서 공수하여 항상 똑같은 맛과 품질을 지켜오고 있는 돼지고기 전문점입니다.,지하철 환승역인 반월당역 10번 출구 약 700m,버스 정류장은 봉산문화거리 건너 정류장이 가장 가깝습니다.
84,1120,대구광역시 중구 수동 88,한식,사계절한방굴국밥,053-424-5038,09:00 ~ 21:00,80석(룸1),유료주차,없음,가능한 외국어가 없습니다.,,불가능,불가능,가능,"굴국밥 8,000원 <br />굴떡국 8,000원 <br />찰미굴국밥 9,000원<br />",사계절한방굴국밥은 매일 육수를 우려내어 국밥에 사용하는 굴국밥 전문점으로 경남 통영에서 직송된 신선한 굴을 사용하는 음식점입니다.,지하철 1호선 중앙로역 1번 출구 약 480m 도보로 7분 거리.<br />지하철 반월당역 18번 출구 약 450m 거리.,버스 정류장은 곽병원건너 정류장이 가장 가깝습니다.<br />
85,1118,대구광역시 중구 동인동2가 65-2,한식,단아정,053-256-9292,10:00 ~ 22:00,180석(룸6),20대,없음,가능한 외국어가 없습니다.,가능,불가능,불가능,가능,"의정부 부대찌개 8,000원 <br />버섯불고기 30,000~40,000원 <br />풍기인삼삼계탕 12,000원<br />",단아정은 (구)풍기인삼갈비단으로 경북 영주 풍기인삼을 사용하여 몸에 약이되는 음식을 만드는 음식점입니다.,지하철 1호선 칠성시장역 3번 출구 약 780m 도보로 12분 거리.,버스 정류장은 동인치안센터건너 정류장이 가장 가깝습니다.
86,1101,대구광역시 중구 삼덕동2가 106-13,전통차/커피전문점,연암다원,053-425-7383,10:30 ~ 22:30,20석,없음,없음,영어 ,가능,불가능,불가능,불가능,"녹차 7,000원 <br />말차 7,000원 <br />청차 7,000원<br />",경대병원 인근 도심 한복판에 오롯이 자리 잡은 한옥 건물로 운치 있는 전통차 전문점입니다.,"지하철 2호선 경대병원역 1번 출구 약 370m이며, 도보로 약 6분 거리",버스 정류장은 경북대학교병원건너 정류장이 가장 가깝습니다.
87,1086,대구광역시 중구 공평동 70-3,세계요리,하이타이,053-255-0562,11:30 ~ 21:00 / Break time 15:00 ~17:00,20석,유료주차,www.facebook.com/hithaifood,가능한 외국어가 없습니다.,불가,불가능,불가능,불가능,"팟타이 11,000원<br />뿌짐팟퐁커리 25,000원<br />똠양꿍 12,000원<br />간장 치킨 덮밥 12,000원<br />",하이타이는 태국 현지의 음식을 한국인의 입맛에 맞는 스타일로 조리하는 태국음식 전문점입니다.,"지하철 1호선 중앙로역 2번 출구 약 770m이며, 도보로 약 12분 거리",버스 정류장은 삼덕성당앞 정류장이 가장 가깝습니다.
88,1083,"대구광역시 중구 동성로3가 7-6, 1,2층",디저트/베이커리,삼송제과 본점,053-254-4064,08:00 ~ 22:00,32석,없음,www.ssbnc.kr,영어 일본어 ,가능,불가능,불가능,불가능,"통옥수수빵 2,200원<br />오븐에구운야채고로케 2,300원<br />크림치즈찰떡빵 2,800원<br />",1957년 대구 남문시장에서 시작해 전통과 역사를 자랑하는 빵집으로 통옥수수빵(일명 마약빵)과 오븐에 구운 고로케가 대표메뉴입니다.,가장 가까운 지하철은 1호선 중앙로역 1번 출구 약 155m 도보로 2분 거리.<br />지하철 환승역 반월당역 14번 출구 약 273m 도보로 4분 거리.,버스 정류장은 약령시앞 정류장이 가장 가깝습니다.
89,1072,대구광역시 중구 공평동 29-1,한식,진시흥국수방,0507-1430-8484,11:30~21:30 (브레이크타임 15:00~17:00),40석(룸1),주변유료주차장이용,없음,영어 ,가능,불가능,불가능,불가능,"얼큰이칼국수 8,500원 <br />바지락칼국수 8,500원 <br />미니수육 14,000원<br />",‘음식을 정직하게 정성껏 만든다.’는 원칙을 가지고 있는 국수와 보쌈 전문점.,지하철 : 1호선 중앙로역 8번 출구에서 도보 5분 거리,CGV대구한일앞 정류장이 가장 가깝습니다.
90,1070,대구광역시 중구 대봉동 12-47,한식,대구막창,053-422-1030,15:00 ~ 24:00,80석,없음,없음,기타 (베트남어),가능,불가능,불가능,불가능,"A세트(통생삼겹살 500g+돼지막창 300g) 45,000원 <br />B세트(돼지막창 500g+통생삼겹살 300g) 45,000원<br />C세트(삼겹살 300g+돼지막창 300g) 35,000원<br />",100막창(대구막창)은 방천시장과 김광석 다시그리기 길 내 위치한 막창 전문점으로 생삼겹살과 돼지껍데기도 유명한 육고기 전문점입니다.,지하철 2호선 경대병원역 3번 출구 약 410m 도보로 약 6분 거리,버스 정류장은 방천시장(김광석길)앞 정류장이 가장 가깝습니다.<br />
91,1068,대구광역시 중구 대봉동 12-9,한식,단골식당,053-423-3266,18:00 ~ 24:00,36석,없음,없음,영어 기타 (베트남어),조건부 가능,불가능,불가능,불가능,"연탄석쇠불고기(200g) 8,000원 <br />곰장어 양념구이 15,000원 <br />돼지수육 15,000원<br />",방천시장 내 위치한 단골식당은 연탄 석쇠불고기 전문점입니다.,지하철 2호선 경대병원역 3번 출구 약 280m 도보로 약 4분 거리,버스 정류장은 방천시장(김광석길)앞 정류장이 가장 가깝습니다.
92,1048,대구광역시 중구 삼덕동1가 28-20,일식,이자와 동성로점,053-256-2880,12:00 ~ 20:30 (16:00~17:00 브레이크타임),28석,없음,없음,영어 일본어 기타 (베트남어),가능,불가능,불가능,불가능,"규카츠 정식 16,000원 <br />스테키동 15,000원 <br />마제소바 10,000원<br />","이자와(いわざ)는 2015년 6월 개업한 국내 최초의 규카츠, 스테키동 전문점의 동성로 분점입니다.",지하철 환승역인 반월당역 10번 출구 약 696m,버스 정류장은 봉산문화거리 건너 정류장이 가장 가깝습니다.
93,1044,대구광역시 중구 종로1가 56-1,특별한 술집,온달포장,053-219-0305,17:00 ~ 04:00,60석,없음,없음,영어 기타 (베트남어),가능,불가능,불가능,불가능,"닭똥집 11,000원 <br />곰장어 12,000원 <br />무뼈닭발 12,000원<br />","온달포장은 실내포장마차입니다. <br />닭똥집, 곰장어, 닭다리살 등의 안주류와 술을 판매하는 업소입니다.",지하철 1호선 중앙로역 1번 출구 약 220m 도보 3분,버스 정류장은 만경관건너 정류장이 가장 가깝습니다.
94,1043,대구광역시 중구 동일동 14,한식,바랄새우,053-423-4592,17:00 ~ 24:00,50석,없음,없음,영어 기타 (베트남어),가능,불가능,불가능,불가능,"랍스터 치즈구이 44,000원 <br />국내산 왕새우구이(중) 25,000원 <br />독도새우 회(변동)<br />",바랄새우는 바다의 옛말 바랄을 사용한 바다새우라는 의미로 올바른 새우요리를 맛볼 수 있는 국내산 왕새우 전문점입니다.,지하철 1호선 중앙로역 1번 출구 약 130m,버스 정류장은 만경관건너 정류장이 가장 가깝습니다.
95,1038,대구광역시 중구 대봉1동 178-7,한식,징기스,053-425-8592,17:00 ~ 01:00,28석,없음,없음,기타 (베트남어),가능,불가능,불가능,불가능,"양갈비 16,000원 <br />명란구이 8,000원 <br />양고기 16,000원<br />",징기스는 대봉동 봉리단길에 위치한 북해도식 양고기 화로구이 전문점입니다.,지하철 3호선 건들바위역 4번 출구 약 360m 5분,버스 정류장은 대봉도서관앞 정류장이 가장 가깝습니다.
96,1026,대구광역시 중구 대봉1동 128-2,양식,올가닉신라,053-421-1628,11:30 ~ 22:30,30석(룸4),8대,없음,영어 일본어 기타 (베트남어),가능,가능,불가능,가능,"스테이크코스 100g 73,000원 <br />파스타코스 39,000원 <br />쉐어코스 3인분 187,000원<br />",갤러리 신라 안에 있는 유기농 이탈리안 레스토랑입니다. <br />모든 재료를 유기농으로 고집하는 음식점입니다.,지하철 3호선 대봉교역 1번 출구 약 500m,버스 정류장은 청운맨션건너 정류장이 가장 가깝습니다.
97,1025,대구광역시 중구 종로2가 81,한식,산,053-257-9994,11:30 ~ 21:00,150석(룸12),100대유료주차장(지원),없음,기타 (베트남어),가능,불가능,불가능,가능,"행복품은 상 35,000원 <br />미소가 가득한 산 45,000원 <br />짝을 찾는 산 55,000원 <br />",한식전문 산은 고급 한식 요리 전문점입니다.,지하철 1호선 중앙로역 2번출구 약 350m <br />지하철 2호선 반월당역 15번 출구 약 250m,버스 정류장은 약령시앞 정류장이 가장 가깝습니다.
98,1024,대구광역시 중구 계산동2가 77,한식,마시뜰(계산점),053-252-1588,10:00 ~ 22:00,70석(룸3),없음.주변유료주차장이용,없음,영어 기타 (베트남어),가능,불가능,불가능,가능,"전복갈낙탕 12,000원 <br />곤드레 12,000원 <br />소불고기 14,000원<br />","마시뜰 계산점은 한식 코스요리와 한우코스, 소갈비코스 등을 맛볼 수 있는 한정식, 한우 전문점입니다",지하철 2호선 반월당역 18번 출구 약 380m,버스 정류장은 매일신문사앞 정류장이 가장 가깝습니다.
99,1002,대구광역시 중구 삼덕동2가 105-2,한식,벙글벙글,053-421-5390,09:00 ~ 20:00,70석(룸1),유료주차장이용,없음,기타 (베트남어),예약가능,불가능,가능,불가능,"육개장 9,000원 <br />비빔밥 9,000원 <br />선짓국 9,000원<br />","대구육개장으로 유명한 맛집. 오랜 사골 육수에 파, 무, 양지머리만을 이용해서 만드는 50년 전통의 벙글벙글식당 직영점.",경대병원역 1번출구에서 약 400m 거리 입니다.<br />경북대학교 응급실 맞은편에 위치하고 있습니다.,경북대학교병원건너 정류장이 바로 업소 앞에 위치하고 있습니다.
100,966,대구광역시 중구 동산동 715,한식,우각식육식당,053-252-8100,10:00 ~ 22:00,160석(룸9),15대,없음,일본어 기타 (베트남어),가능,불가능,불가능,가능,"[저염 메뉴] 한우탕 11,000원 <br />특수부위 32,000원 <br />갈비살 23,000원 <br />된장찌개 7,000원<br />","우각은 한우고기 전문점으로 1+, 1++의 좋은 품질의 한우만 판매하는 한우고기 전문점입니다.",지하철 2호선 신남역 9번 출구 약 80m,버스 정류장은 엘디스리젠트호텔앞 정류장이 가장 가깝습니다.
101,954,대구광역시 중구 포정동 21-3,한식,마산식당,053-253-6304,10:00 ~ 22:00,62석(룸1),없음,없음,기타 (베트남어),가능,불가능,불가능,가능,"씨락육국수 8,000원 <br />돼지수육 15,000원~25,000원 <br />암뽕 15,000원~20,000원 <br />돼지국밥 8,000원<br />",마산식당은 84년에 시작된 돼지국밥과 수육 전문점으로 35년 이상 운영하고 있는 오래된 음식점입니다.,지하철 1호선 중앙로역 4번 출구 약 190m,버스 정류장은 경상감영공원앞 정류장이 가장 가깝습니다.
102,953,대구광역시 중구 동일동 21,한식,통나무집,053-252-6210,11:30 ~ 22:00,96석,주변유료주차장이용,없음,영어 기타 (베트남어),가능,불가능,불가능,가능,"해물야채볶음 45,000원~60,000원 <br />아귀찜 45,000원~60,000원<br /><br />",통나무집은 35년 이상의 전통을 지닌 해물야채볶음 전문점입니다.,지하철 1호선 중앙로역 1번 출구 약 150m,버스 정류장은 약령시앞 정류장이 가장 가깝습니다.
103,950,대구광역시 중구 태평로3가 218-18,한식,원조할매곰탕집,053-255-1122,08:00 ~ 21:00,60석(룸2),노상주차,없음,기타 (베트남어),가능,불가능,가능,가능,"곰탕 14,000원 <br />특곰탕 17,000원 <br />수육 35,000원<br />",원조할매곰탕집은 곰탕 전문점으로 한우만을 사용하는 34년 이상의 오래된 음식점입니다.,지하철 1호선 대구역 2번출구에서 약 660m,버스 정류장은 시민회관건너 정류장이 가장 가깝습니다.
104,949,대구광역시 중구 대신동 265-29,한식,성주,053-254-9545,09:00 ~ 19:00,15석,서문시장유료주차장이용,없음,기타 (베트남어),불가,불가능,불가능,불가능,"수육 20,000원~25,000 <br />편육 15,000원 <br />수육정식 11,000원 <br />국밥 8,000원<br />",성주식당은 대를 이은 음식점으로 서문시장에 위치한 수육과 국밥 전문점입니다.,지하철 3호선 서문시장역 3번 출구 약 370m,버스 정류장은 서문시장5지구앞 정류장이 가장 가깝습니다.
105,918,대구광역시 중구 대봉1동 31-83,전통차/커피전문점,선댄스팜,053-255-9625,11:00 ~ 22:00,64석,6대,없음,기타 (베트남어),가능,불가능,불가능,불가능,"필터커피 5,000원 <br />빅토리아케이크 5,500원 <br />당근케이크 6,500원<br />","현대와 고전이 공전하는 인테리어.<br />잔잔한 클래식음악과 커피와 티, 허브를 즐길 수 있는 카페입니다.",가장 가까운 지하철은 2호선 경대병원역 3번 출구에서 약 584m,버스정류장은 청구타운건너 정류장이 가장 가깝습니다.
106,902,대구광역시 중구 공평동 61-4,양식,빈플러스,053-242-3582,12:00 ~ 22:00,80석,주변유료주차장이용,없음,영어 중국어 기타 (베트남어),불가능,불가능,불가능,불가능,"스테이크 21,000원 <br />바비큐 폭립 플레터 31,000원 <br />스테이크 고추 오일 파스타 15,000원<br />",괴물빙수로 불리는 커다란 빙수와 함께 넉넉한 치즈가 특징인 시카고 피자를 중심으로 다양한 메뉴를 즐길 수 있는 곳입니다.,지하철 1호선 중앙로역 2번 출구에서 약 400m 거리 입니다.,버스 정류장은 삼덕성당앞이 가장 가깝습니다.<br />
107,881,대구광역시 중구 남산4동 568-2,한식,예전손국수,053-257-6656,11:30 ~ 21:00,100석(룸3),10~15대,없음,기타 (베트남어),가능,불가능,불가능,가능,"손국수 8,000원 <br />찹쌀수제비 10,000원 <br />코다리 20,000원<br />",선별된 재료를 사용하여 칼국수를 만드는 예전손국수는 칼국수와 특허받은 명태찜과 찹쌀 수제비가 유명한 곳입니다.,지하철 1호선 반월당역 19번 출구에서 약 200m,버스 정류장은 남산2동주민센터앞 이 가장 가깝습니다.<br />
108,880,대구광역시 중구 향촌동 18-4,한식,부엉이,053-252-3151,15:00 ~ 22:00,37석,주차불가,없음,기타 (베트남어),불가,불가능,불가능,가능,"생고기 35,000원 <br />육회무침 25,000원 <br />양지머리 25,000원<br />",부엉이식당은 대구 10미 뭉티기(생고기)를 맛볼 수 있는 곳으로 83년 부터 운영되어 온 36년 이상 오래된 생고기 전문점입니다.,지하철 1호선 중앙로역 4번출구에서 약 250m,버스 정류장은 경상감영공원앞이 가장 가깝습니다.<br />
109,877,"대구광역시 중구 남일동 109-2, 2층",일식,스시이로까,053-256-8259,11:30 ~ 22:00,24석,주차불가,없음,영어 일본어 기타 (베트남어),평일 가능,불가능,불가능,불가능,"고급모듬초밥 15,000원<br />일반모듬초밥 10,000원 <br />생선초밥 15,000원<br />",스시이로까는 주문식 초밥집으로 유면한 곳으로 신선하고 다양한 초밥을 맛볼 수 있습니다.,지하철 1호선 중앙로역 2번 출구 약 100m,버스 정류장은 약령시건너(동성로입구) 가 가장 가깝습니다.<br />
110,836,대구광역시 중구 삼덕동1가 28-12,한식,머꼬삼겹살,0507-1480-3789,15:00 ~ 01:00,96석(룸1),주변유료주차장,없음,영어 일본어 기타 (베트남어),가능,불가능,불가능,가능,"삼겹살(생삼겹, 통후추, 허브, 오바마) 11,000원 <br />냉꽃삼겹살(통후추, 허브) 11,000원 <br />이베리코목살 12,000원<br />",2003년 오픈한 이래 특별한 삼겹살을 판매하고 있는 전통의 소스 삼겹살 전문점.,지하철 2호선 반월당 10번 출구 약 400m,버스 정류장은 삼덕교회 정류장이 가장 가깝습니다.
111,831,대구광역시 중구 남산동 912-13,한식,복주소막창,053-422-5821,16:30 ~ 23:00,20석,주차불가,없음,기타 (베트남어),가능,불가능,불가능,불가능,"소막창(120g) 15,000원 <br />돼지막창(120g) 11,000원 <br />소갈비갈(120g) 13,000원<br />",복주는 남구 명륜로(남산동)에 위치한 대구의 명물인 소막창 전문점입니다.,지하철 2호선 반월당역 5번 출구 약 120m,버스 정류장은 2호선반월당역2 정류장이 가장 가깝습니다.
112,770,대구광역시 중구 동인동4가 168-12,한식,왕거미,053-427-6380,16:00 ~ 22:00,112석룸(4개),유료주차,없음,기타 (베트남어),가능,불가능,불가능,불가능,"뭉티기(생고기) 50,000원<br />양지/오드레기 50,000원<br />대창구이 40,000원<br />",왕거미는 오독오독 씹는 소리 때문에 오드레기라는 별명을 붙여 처음 사용한 한우 특수부위 전문점입니다. 1976년 영업을 시작한 40년이 넘은 오래된 음식점입니다.,지하철은 2호선 경대병원역 4번 출구 도보로 약 830m<br />,버스 정류장은 중구청건너 정류장이 가장 가깝습니다.
113,769,대구광역시 중구 대봉동 12-7,한식,청도동곡막걸리,0507-1314-5813,15:00 ~ 02:00,30석,유료주차,없음,기타 (베트남어),가능,불가능,불가능,불가능,"흑산도홍어삼합 60,000원 <br />돼지찌개 22,000원 <br />오뎅탕 16,000원<br /><br /><br />",막걸리 중에서도 영양가가 높고 맛있기로 유명한 청도동곡막걸리 전문점입니다.,지하철 3호선 경대병원역 3번 출구 약 320m,버스 정류장은 방천시장(김광석길)앞 정류장이 가장 가깝습니다.
114,750,대구광역시 중구 공평동 62,세계요리,나자르케밥,053-424-9951,10:00 ~ 04:00,20,주변유료주차장이용,없음,영어 기타 (터키어),가능,불가능,불가능,불가능,"치킨 또르띠아 랩(R) 7,500원 <br />양고기 또르띠아 랩(R) 8,500원 <br />믹스 또르띠아 랩(R) 9,500원<br />",이슬람교도의 할랄음식으로 터키주방장이 요리하는 터키 정통음식. <br />2011년 3월부터 스타케밥으로 영업을 하다 리모델링 후 나자르케방으로 상호를 변경,지하철 2호선 반월당역 10번 출구 약 470m<br />지하철 1호선 중앙로역 2번 출구 약 570m<br />,버스 정류장은 삼덕성당앞 정류장이 가장 가깝습니다.
115,748,대구광역시 중구 동산동 94-1,중식,시안,053-424-3789,11:00~21:00,68석,15대,없음,영어 중국어 기타 (터키어),가능,불가능,불가능,가능,"짜장면 5,000원 <br />야끼우동 8,000원 <br />중화비빔밥 8,000원<br />","요리경력 30년의 화교 영업주가 직접 운영하는 중구에 위치하고 있는 중식 레스토랑 입니다.<br />직접만든 수제물만두, 부추잡채, 유린기 등이 유명합니다.",지하철 3호선 서문시장역 3번 출구 약 280m,버스 정류장은 섬유회관앞 정류장이 가장 가깝습니다.
116,747,대구광역시 중구 동성로1가 6-3 2층,세계요리,바라지레스토랑,053-425-3242,11:00 ~ 22:00,52석,교동시장공용주차장이용,없음,"영어 기타 (인도, 네팔어)",가능,불가능,불가능,불가능,"치킨 짜우민 10,000원<br />양고기 비르야니 11,000원<br />치킨티카마사라 13,500원 <br />",네팔인이 직접 요리하는 인도/네팔음식 전문점입니다.<br />인도와 네팔에서 15년의 요리경력을 가지고 있으며 대구에서 네팔요리를 가장 잘 한다는 자부심을 가진 곳입니다.,지하철 1호선 중앙로역 3번 출구 약 260m,버스 정류장은 경상감영공원앞 정류장이 가장 가깝습니다.
117,733,대구광역시 중구 삼덕동1가 5-12 2층,일식,회전초밥 갓파스시 대구점,0507-1372-4377,11:00 ~ 21:30,158,주변유료주차장,없음,"일본어 기타 (인도, 네팔어)",불가,불가능,불가능,가능,"평일 런치 레귤러 제한접시 23,800원 <br />주말 및 평일 디너 레귤러 제한접시 27,800원<br />",회전초밥 갓파스시는 프랜차이즈 업체로 정해진 메뉴를 토대로 제작 됩니다.<br />일본 본토에 본사가 있으며 위생이 꼼꼼한 일본식 회전초밥 전문점 입니다.<br />접시 수 만큼 계산.,지하철 1호선 중앙로역 2번 출구 약 420m<br />지하철 2호선 반월당역 10번 출구 약 430m,버스 정류장은 약령시건너(동성로입구) 정류장이 가장 가깝습니다.
118,718,"대구광역시 중구 동성로2가 65-1, 2층",한식,개정 동성로점,0507-1331-0366,11:00 ~ 21:00 (15:00~16:00 브레이크타임),80석(룸1),없음,없음,"영어 기타 (인도, 네팔어)",가능,불가능,불가능,가능,"물냉면/비빔냉면 12,000원 <br />전주비빔밥 12,000원 <br />전주특육회비빔밥 14,000원<br />",비빔밥이 유명한 개정 동성로점.<br />22년 역사를 가진 음식점.,지하철 1호선 중앙로역 2번 출구 약 260m,버스 정류장은 CGV대구한일앞 정류장이 가장 가깝습니다.
119,706,대구광역시 중구 덕산동 125-12(지상3층),세계요리,타라,053-215-8050,11:00 ~ 22:00,50,유료주차,없음,기타 (),가능,불가능,불가능,가능,"버터 난 3,000원 <br />콩프라이 7,000원 <br />시금치, 닭커리 8,000원<br />",치킨 탄두리와 난을 화덕에 구워주는 전통인도 전문점이다.<br />실제 인도 요리사가 현지의 맛을 그대로 재현해 내는 것이 특징이다.,지하철 2호선 반월당역 13번 출구 약 160m,버스 정류장은 약령시건너(동성로입구) 정류장이 가장 가깝습니다.
120,700,대구광역시 중구 봉산동 37-30,한식,행복식당,053-427-2232,09:30 ~ 12:30,68석(룸1),유료주차,없음,기타 (),가능,불가능,불가능,불가능,"동태전 10,000원 <br />도루묵찌개 16,000원 <br />김치전 10,000원 <br />",20년 전통의 쇠고기 장조림과 동태전이 대표적인 메뉴이다.,지하철 2호선 반월당역 11번 출구 약 80m,버스 정류장은 2호선반월당역1 정류장이 가장 가깝습니다.
121,697,대구광역시 중구 덕산동 122-1,특별한 술집,곡주사,053-255-4524,10:00 ~ 22:00,100,유료주차장이용,없음,기타 (),가능,불가능,불가능,불가능,"흑태찜 30,000원~40,000원 <br />아구찜 25,000원~35,000원 <br />제육볶음 12,000원<br />",70년대부터 성주식당이라는 상호로 시작하여 민주화 운동을 하던 학생들이 자주 찾던 선술집으로 역사와 함께 해온 맛집이다.,지하철 2호선 반월당역 16번 출구 약 110m,버스 정류장은 약령시건너(동성로입구) 정류장이 가장 가깝습니다.
122,696,대구광역시 중구 계산동2가 149-1,한식,원조국수,053-256-6420,11:30 ~ 17:30,40,유료주차,없음,기타 (),가능,불가능,불가능,불가능,"칼국수 7,000원 <br />수육 25,000원<br /><br />","멸치, 다시다, 방계, 새우 등 다양한 재료로 우려낸 천연육수에 손으로 직접 반죽한 칼국수 면을 듬뿍 담아낸 맛이 일품인곳.",지하철 2호선 반월당역 18번 출구 약 320m,버스 정류장은 약령시입구 정류장이 가장 가깝습니다.
123,685,대구광역시 중구 계산동2가 31-2,한식,서영,053-253-1199,11:00 ~ 21:00,58석(룸1),매일신문유료주차장,없음,영어 중국어 기타 (),가능,불가능,불가능,가능,"홍합밥(2인 이상) 10,000원 <br />녹두전 10,000원 <br />수육 28,000원<br />","가정집을 개조하여 운영하고 있는 곳으로 홍합밥, 녹두전, 손칼국수 등의 한식을 맛볼 수 있는 한식당입니다.",지하철 2호선 반월당역 18번 출구 약 400m,버스 정류장은 매일신문사건너 정류장이 가장 가깝습니다.
124,669,대구광역시 중구 종로2가 85-1,전통차/커피전문점,미도다방,053-252-9999,09:00 ~ 21:00,140석,유료주차장,없음,영어 일본어 기타 (),가능,불가능,불가능,불가능,"쌍화차 5,000원 <br />약차 4,000원 <br />강황꿀차 5,000원 <br />커피 2,500원 <br />","진골목에 위치한 옛날식 다방으로 1980년대 부터 현 사장님이 운영하는 곳.<br />유명인사들이 많이 다녀 간 곳으로 차한잔을 시키면 웨하스와 점병, 강정등 간식을 준다.",지하철 2호선 반월당역 15번 출구 약 250m,버스 정류장은 약령시건너(동성로입구) 정류장이 가장 가깝습니다.
125,664,대구광역시 중구 삼덕동2가 266-1,한식,고전한정식,053-427-6567,08:30 ~ 20:00,40석,없음,없음,기타 (),가능,불가능,불가능,가능,"고전한정식 15,000원 <br />영양갈비탕 13,000원 <br />버섯불고기 11,000원<br />",경북대학교병원과 삼덕네거리  사이 진석타워 맞은편,지하철 2호선 경대병원역 4번 출구 약 180m,버스 정류장은 경북대학교병원앞 정류장이 가장 가깝습니다.
126,579,대구광역시 중구 덕산동 124-10,중식,태산만두,053-424-0449,11:00 ~ 21:00 (마지막 주문시간 20:30),44석,유료주차장,없음,중국어 기타 (),가능,불가능,불가능,불가능,"군만두/찐교스/물만두/고기왕만두 7,000원 <br />비빔만두/탕수만두 8,000원 <br />만둣국/떡만둣국 8,000원 <br />",[태산만두]는 1958년에 개업한 전통 중국식 만두 전문점입니다.<br />화교가 직접 운영하는 만두집으로 급변하는 동성로에서 오랜 역사를 지닌 묵은 맛집입니다.<br />,지하철 2호선 반월당역 13번 출구 약 150m 도보로 약 2분 거리입니다.,버스 정류장은 약령시건너(동성로입구) 정류장이 가장 가깝습니다.
127,578,대구광역시 중구 서성로1가 80-2,한식,이모식당,053-255-6971,10:00 ~ 22:00,80석(룸1),유료주차장,없음,중국어 기타 (),가능,불가능,불가능,불가능,"막창순대 소 27,000원 <br />순대국밥 9,000원 <br />돼지국밥 9,000원<br />","서성로 돼지골목에 위치한 순대집.<br />72년 부터 운영되어 온 돼지국밥, 수육 전문점.",지하철 3호선 서문시장역 1번 출구 약 670m<br />지하철 3호선 달성공원역 4번 출구 약 740m<br />,버스 정류장은 성내3동주민센터입구 정류장이 가장 가깝습니다.
128,576,대구광역시 중구 시장북로 120-2,한식,옛집,053-554-4498,11:00 ~ 18:30,40,없음(유료주차),없음,기타 (),가능,불가능,불가능,불가능,"육개장 10,000원",[옛집]은 대구 10미 중의 하나인 대구 육개장의 원조 격으로 육개장만 판매하는 육개장 전문점입니다.,지하철 3호선 서문시장역 2번 출구 약 330m<br />지하철 3호선 달성공원역 3번 출구 약 370m<br />,버스 정류장은 달성공원 건너 정류장이 가장 가깝습니다.
129,575,대구광역시 중구 서성로1가 36-1,한식,성주숯불갈비,053-255-6851,10:00 ~ 22:00,70,10대,없음,기타 (),가능,불가능,불가능,가능,"갈비(220g) 32,000원 <br />안창살(100g) 35,000원 <br />갈비살찜(220g) 32,000원<br />",중구 오토바이 골목에 위치.<br />한우 갈비살이 유명하다.,중앙로역에 내리신 후 차량 이동,"156, 309, 400-1, 420, 425, 427, 508(좌), 521"
130,571,대구광역시 중구 남산동 609-4,한식,남산동이영옥할매보쌈,053-252-3213,24시간,60,유료주차장,없음,일본어 기타 (),가능,불가능,가능,가능,"보쌈 22,000원 ~ 44,000원<br />수육 소 20,000원<br />",76년 부터 대를 이어 운영되고 있는 보쌈 전문점으로 남산동 자동차부속골목 끝자락에 위치하고 있습니다.,지하철 1호선 명덕역 7번 출구 약 560m,버스 정류장은 남문아파트앞 정류장이 가장 가깝습니다.
131,570,"대구광역시 중구 문화동 9-14, 2층",한식,낙원순두부,053-425-7167,11:00~21:00 (브레이크타임 15:30~17:30),82석,유료주차장,없음,기타 (),불가,불가능,불가능,불가능,"순두부찌개 8,000원 <br />해물순두부찌개 9,000원<br />청국장 8,000원 <br />비빔밥 8,000원 <br />김치찌개 8,000원 <br />",낙원순두부 는 1969년 오픈한 전통의 순두부 전문점으로 한결같은 맛과 정성으로 운영하고 있습니다.,지하철 1호선 중앙로역 3번 출구 약 340m,버스 정류장은 2.28기념중앙공원건너1  정류장이 가장 가깝습니다.
132,569,대구광역시 중구 태평로1가 4-1,한식,국일불갈비,053-424-5820,10:00 ~ 22:00,78석,13대(진흥유료주차장이용),없음,기타 (),가능,불가능,불가능,가능,"돼지불고기(200g) 8,500원 <br />돼지불갈비(200g) 9,500원 <br />고추장불고기(200g) 9,000원",1976년 오픈하여 지금까지 43년 이상 영업하고 있는 전통있는 음식점으로 연탄 돼지불고기로 유명한 곳.<br />,"지하철 1호선 대구역 1번 출구에서 약 370m이며, 도보로 약 5분 거리입니다.",버스 정류장은 대구역건너 정류장이 가장 가깝습니다.
133,564,대구광역시 중구 서성로1가 59-1,한식,8번식당,053-255-0167,10:00 ~ 22:00,80석(룸1),2대,없음,영어 일본어 중국어 기타 (),가능,불가능,가능,가능,"모듬수육 28,000원 ~ 48,000원<br />섞어국밥 9,000원 <br />고기국밥 9,000원 <br />순대국밥 9,000원","8번식당은 대를 이어 끓이는 45년 정성의 돼지국밥, 순대국밥의 역사가 깃든 국밥 전문점입니다.<br />","지하철은 3호선 서문시장역 1번 출구 약 680m이며, 도보로 약 10분 거리입니다.",버스 정류장은 성내3동주민센터입구 정류장이 가장 가깝습니다.
134,557,대구광역시 중구 봉산동 25-11,세계요리,라마앤바바나,053-255-9569,11:30 ~ 21:30,36,유료주차장,없음,기타 (),가능,불가능,불가능,가능,"치킨커리 12,000원 <br />나시고랭 15,000원 <br />커리크림치킨 26,000원<br />",인도음식 퓨전 요리 전문점.<br />본국에서 직접 공수해온 엄선된 재료들을 인도 전통조리방식과 우리 입맛에 맞게 퓨전요리한 향기로운 인도음식을 즐기시고 느껴보세요.<br />,지하철 2호선 반월당역 10번 출구 약 160m,버스 정류장은 봉산문화거리건너 정류장이 가장 가깝습니다.
135,550,대구광역시 중구 향촌동 14-8,한식,황소,053-252-0110,11:00 ~ 23:00,63,50,없음,기타 (),예약가능,불가능,불가능,가능,"한우꽃등심(130g) 15,000원 <br />한우육회(230g) 20,000원 <br />문경약돌돼지(130g) 9,000원  <br />한우불고기 10,000원 <br />한우소전골 7,000원 <br />",- 주변 유료 주차시설 이용.<br />경상감영공원 주변에 있습니다.<br />,지하철 1호선 중앙로역 4번 출구 약 260m,버스 정류장은 경상감영공원앞 정류장이 가장 가깝습니다.
136,546,대구광역시 중구 수동 31-2,한식,고향뜰,053-257-6700,10:30 ~ 21:30,88석(룸4),100대(약령주차장1시간무료),없음,영어 일본어 중국어 기타 (),가능,불가능,불가능,가능,"숫총각버섯탕 10,000원 <br />전복버섯탕 15,000원 <br />들깨버섯탕 11,000원<br />낙지버섯탕 13,000원<br />능이버섯탕 13,000원<br />능이전복버섯탕 18,000원 <br />버섯낙지볶음 28,000원 ~ 48,000원 <br />버섯된장찌개 6,000원 <br />버섯불고기 28,000원 ~ 48,000원 <br />생버섯전 10,000원<br />버섯된장찌개 7,500원","고향뜰은 버섯탕, 버섯볶음, 버섯찌개, 버섯전 등 다양한 버섯 요리를 맛볼 수 있는 버섯 요리 전문점입니다.<br />",지하철 1호선 중앙로역 1번 출구 약 460m,버스 정류장은 곽병원건너 정류장이 가장 가깝습니다.
137,514,대구광역시 중구 종로2가 61,한식,미성초밥,0507-1396-6775,11:30 ~ 22:00,32,유료주차장,없음,기타 (),가능,불가능,불가능,가능,"회(광어/우럭/밀치) 41,000원~65,000원<br />",진골목에 위치한 음식점 입니다.,지하철 2호선 반월당역 15번 출구 약 260m<br />지하철 1호선 중앙로역 1번 출구 약 300m<br />,버스 정류장은 약령시건너 정류장이 가장 가깝습니다.
138,513,대구광역시 중구 장관동 36-1,한식,약전식당,053-252-9684,11:30 ~ 20:30,66석,유료주차장,없음,일본어 중국어 기타 (),가능,불가능,불가능,가능,"돌솥멍게비빔밥 15,000원 <br />나물비빔밥 8,000원 <br />수육(예약) 40,000원<br />모밀국수 8,000원<br />콩국수 8,000원",약전식당은 2대 50년을 이어온 오래된 맛집으로 건강한 음식을 맛볼 수 있습니다.,"지하철은 1호선/2호선 반월당역 18번 출구 약 390m이며, 도보로 약 5분 거리.",버스 정류장은 약령시입구 정류장이 가장 가깝습니다.
139,509,대구광역시 중구 종로2가 72-1,한식,다전칼국수,053-256-7722,11:30 ~ 21:00,44(룸1),유료주차장이용,없음,기타 (),가능,불가능,불가능,불가능,"손칼국수 8,000원<br />들깨칼국수 9,000원<br />비빔밥 10,000원<br />찜(코다리) 40,000원 <br />",다전칼국수 직접 반죽하고 저온 숙성시켜 옛 방식대로 손으로 썰어 찰진 국수를 만드는 칼국수 전문점입니다.,지하철 2호선 반월당역 15번 출구 약 210m<br />,버스 정류장은 약령시건너 정류장이 가장 가깝습니다.
140,507,"대구광역시 중구 남성로 51-6, 2층",한식,가창큰나무집 약령시점,0507-1308-0709,10:00 ~ 21:00,88,유료주차장,없음,기타 (),가능,불가능,불가능,가능,"영계약백숙 15,000원 <br />전복삼계탕 19,000원<br /><br />",가창큰나무집에서 약령시안에 분점을 오픈 했습니다.,지하철 2호선 반월당역 18번 출구 약 340m,버스 정류장은 약령시입구 정류장이 가장 가깝습니다.
141,473,대구광역시 중구 공평동 8-6,일식,사야까,053-427-0141,11:30 ~ 20:30 (15:30~16:30 브레이크타임),40석,주변유료주차장,없음,일본어 기타 (),가능,불가능,불가능,불가능,"규코츠라멘 11,000원 <br />규코츠 소유라멘 11,000원 <br />규코츠 탄탄멘 11,000원 <br />차슈 큐코츠라멘 14,000원<br />","사야까는 음식의 기본을 재료에서 찾는다.<br />일본처럼 300년, 400년 대를 이어 유지할 수 있는 음식점을 만들려면 가장 중요한 것은 당장의 음식 맛이 아니라 재료라고 생각한다.<br />그래서 이곳 음식점에는 사용하는 재료에 대한 안내서가 많이 눈에 띈다.",지하철 1호선 중앙로역 2번 출구 약 160m,버스 정류장은 약령시앞 정류장이 가장 가깝습니다.
142,453,대구광역시 중구 공평동 31-1,한식,핀투대박양념오뎅,053-422-3592,08:30 ~ 24:00,18,주차불가,없음,기타 (),예약 불가(전화요망),불가능,불가능,불가능,"대박떡볶이 1인분 4,000원 <br />잎새만두 1인분 4,000원 <br />납작만두 1인분 4,000원<br /><br /><br />",대구백화점 옆에 위치한 양념오뎅이 맛있는 집.,버스 정류장은 CGV대구한일앞정류장이 가장 가깝습니다.,"156, 309, 425, 323, 427, 521, 724, 939, 980, 106"
143,447,대구광역시 중구 공평동 56-3,한식,원주통닭,053-424-5129,11:00 - 22:00,20석,주차불가,없음,기타 (),가능,불가능,불가능,불가능,"튀김통닭 19,000원 <br />양념통닭 20,000원 <br />반반통닭 20,000원 <br />야채찜닭 24,000원<br />",옛날 통닭맛을 느낄 수 있는 곳.<br />골목에 위치.,지하철 1호선 중앙로역 2번 출구 약 480m<br />,버스 정류장은 삼덕성당앞정류장이 가장 가깝습니다.
144,445,대구광역시 중구 종로2가 63,한식,소두불,053-252-9430,07:00 ~ 22:30,50석,주차불가,없음,기타 (),가능,불가능,가능,불가능,"돼지국밥 8,500원 <br />순대국밥 8,500원 <br />내장국밥 8,500원<br />","옛날 성당시장에 있던 식당이었으나 현재의 위치로 이전.<br />쫄깃한 식감의 순대와 수육, 국밥이 유명한 곳.",지하철 1호선 중앙로역 1번 출구 약 280m,버스 정류장은 약령시건너정류장이 가장 가깝습니다.
145,439,대구광역시 중구 사일동 79,한식,동성로떡볶이(2호점),053-424-8716,10:00 ~ 22:00,40석,주변유료주차장,없음,기타 (),가능,불가능,불가능,불가능,"동성로떡볶이 4,000원 <br />해물떡볶이 4,000원 <br />치즈떡볶이 5,000원<br />",동성로 떡볶이골목에 위치한 원조집.<br />즉석 떡볶이 형태로 먹은 후 밥을 볶아 먹을 수 있습니다.,지하철 1호선 중앙로역 2번 출구 약 220m,버스 정류장은 약령시앞정류장이 가장 가깝습니다.
146,436,대구광역시 중구 남산동 586-28,한식,화림보쌈,053-255-1877,09:00 ~ 05:00,70석(룸1),7대,없음,기타 (),예약가능합니다.,불가능,가능,가능,"[저염 메뉴] 국밥 8,000원<br />보쌈 24,000원 ~ 48,000원 <br />아바이순대 13,000원 ~ 18,000원<br /><br />",돼지보쌈 골목의 초기 부터 자리를 지킨 오랜 전통의 맛집.<br />보쌈골목 모범식당 1호,지하철 1호선 명덕역 7번 출구 약 610m,버스 정류장은 남문아파트앞정류장이 가장 가깝습니다.
147,435,대구광역시 중구 남산동 586-11,한식,서울보쌈,053-252-8006,05:00 ~ 23:00,50석,4대,없음,기타 (),가능,불가능,가능,가능,"보쌈 24,000원 ~ 48,000원 <br />수육 20,000원 ~ 39,000원 <br />암뽕 22,000원<br />",서울보쌈은 이름앞에 원조라는 말이 붙어 있다.<br />아닌게 아니라 [남문시장 돼지보쌈골목]에서 가장 먼저 보쌈을 판매한 원조 가게 이다.<br />서울에서 부모님의 보쌈 식당 개성보쌈 에서 배워와 1983년 이곳에 자리를 잡았다.,지하철 1호선 명덕역 7번 출구 약 610m,버스 정류장은 남문아파트앞정류장이 가장 가깝습니다.
148,371,대구광역시 중구 동인동1가 301-1,한식,실비찜갈비,053-424-3443,10:00 ~ 22:00,150,20대,없음,영어 일본어 중국어 기타 (),가능,불가능,불가능,가능,"한우 찜갈비 30,000원 <br />미국산 찜갈비 20,000원 <br />찌개 9,000원<br />",68년부터 2대째 운영되고 있는 찜 갈비 전문점.,지하철 1호선 칠성시장역 3번 출구 약 640m,버스 정류장은 동인치안센터앞정류장이 가장 가깝습니다.
149,370,대구광역시 중구 동인동1가 332-3,한식,봉산찜갈비,053-425-4203,09:00 ~ 21:00,140석(룸1),30대,없음,영어 기타 (),가능,불가능,불가능,가능,"한우 찜갈비 30,000원 <br />호주산 찜갈비 20,000원 <br />갈비살 찌개 8,000원<br /><br />",최초 실비식당이라는 상호로 70년도에 영업을 시작한 찜 갈비 골목 내 맛집. 대를 이어 운영되고 있습니다.,"지하철 1호선 칠성시장역 3번 출구 약 588m이며, 약 10분 거리.",버스 정류장은 동인치안센터앞정류장이 가장 가깝습니다.
150,368,대구광역시 중구 동인동1가 300-1,한식,월성찜갈비,053-424-6942,09:30 ~ 23:00,72석,5대,없음,기타 (),가능,불가능,불가능,가능,"한우 찜갈비 30,000원 <br />수입육 찜갈비 20,000원 <br />갈비살 찌개 8,000원<br /><br /><br />",대를 이어 40년 넘게 운영되고 있는 찜갈비 전문점.,"지하철은 1호선 칠성시장역 3번 출구 약 644m 이며, 도보로 약 11분 거리.",버스 정류장은 동인치안센터앞 정류장이 가장 가깝습니다.
151,367,대구광역시 중구 동인동1가 298-3,한식,유진찜갈비,053-425-7184,09:30 ~ 21:00,120석,6대,없음,기타 (),가능,불가능,불가능,가능,"한우 찜갈비(200g) 30,000원 <br />호주산 찜갈비(200g) 20,000원 <br />소고기찌개 8,000원<br />",3대째 대물림 하여 운영중인 찜갈비 전문점입니다. 30년 넘는 역사를 가지고 있습니다.,"지하철 1호선 칠성시장역 3번 출구 약 614m 이며, 도보로 약 11분 거리",버스 정류장은 동인치안센터앞 정류장이 가장 가깝습니다.
152,364,대구광역시 중구 동인동1가 310-3,한식,동원찜갈비,053-427-1430,09:00 ~ 23:00,150석(룸1),10대,없음,기타 (),가능,불가능,불가능,가능,"한우 찜갈비(200g) 30,000원 <br />호주산 찜갈비(200g) 20,000원 <br />소고기찌개 8,000원<br /><br />",명물거리 동인동 찜갈비 골목에 위치한 동원찜갈비는 1960년대부터 자리 잡아 지금도 변하지 않은 맛을 유지하는 대구의 향토음식점입니다.,"지하철 1호선 칠성시장역 3번 출구 약 660m 이며, 도보로 약 11분 거리",버스 정류장은 동인치안센터앞 정류장이 가장 가깝습니다.
153,336,대구광역시 중구 남산동 298-21,한식,남문납작만두,053-257-1440,10:00 ~ 18:30,28석,없음,없음,기타 (),가능,불가능,불가능,불가능,"납작만두(소) 3,500원 <br />비빔밥 5,000원 <br />냉국수 4,000원<br />",71년도 부터 남문시장에서 자리를 잡은 남문납작만두는 48년 이상 대구를 대표하는 음식인 대구 납작만두의 원조격입니다.<br />,"지하철 1호선 반월당역 1번 출구 약 388m이며, 도보로 약 5분 거리",버스 정류장은 남문시장앞  정류장이 가장 가깝습니다.
154,318,대구광역시 중구 대신동 138,일식,미림,053-554-6636,11:30 ~ 20:00,50석(룸2),없음,없음,기타 (),가능,불가능,불가능,불가능,"돈까스 9,000원<br />어묵우동 8,000원<br />냄비우동 5,000원 <br /><br />","1962년 오픈하여 대를 이어 운영되고 있는 일식형 어묵과 돈가스를 잘하는 집이다. <br />유부잡채, 왕새우, 통오징어, 다진 고기를 넣은 양배추 롤등의 20여 가지와 천연재료로 낸 맛국물에 각종 어묵이 담겨져 나온다.",지하철 3호선 서문시장역 2번출구 약 220m,버스 정류장은 섬유회관건너1 정류장이 가장 가깝습니다.
155,271,대구광역시 중구 동인동1가 298-9,한식,산호찜갈비식당,053-422-2523,10:00 ~ 22:00,95석(룸1),4대,없음,기타 (),가능,불가능,불가능,가능,"육우 찜갈비 26,000원 <br />소고기찌개 5,000원<br />",[산호갈비찜]은 79년 부터 2대째 대를 이어 내려온 갈비찜 전문점입니다.,지하철 1호선 칠성시장역 3번 출구 약 620m,버스 정류장은 동인치안센터앞 정류장이 가장 가깝습니다.
156,264,대구광역시 중구 동인동1가 297-1,한식,낙영찜갈비,053-423-3330,10:00 ~ 21:00,136석,50대,www.nakyoung.com/,영어 일본어 기타 (),가능,불가능,불가능,가능,"한우 찜갈비(180g) 30,000원 <br />미국산 찜갈비(180g) 20,000원 <br />쇠고기찌개 8,000원<br /><br />",낙영찜갈비는 1972년 술대포집부터 시작하여 이후 대를이어 전통을 이어가는 동인동의 명가 입니다. 육질 좋은 쇠고기만을 엄선하여 독특한 양념의 맛을 느낄 수 있는 갈비찜과 갈비찜만큼이나 인기 있는 쇠고기 찌개가 주 메뉴 입니다.,지하철 1호선 칠성시장역 3 번출구 약 570m,버스 정류장은 동인치안센터앞 정류장이 가장 가깝습니다.
157,259,대구광역시 중구 동인동1가 334-1,한식,수복찜갈비,053-423-8667,10:00 ~ 21:00,54석(룸2),10대,없음,중국어 기타 (),가능,불가능,불가능,가능,"한우 찜갈비(200g) 30,000원 <br />호주산 찜갈비 (200g) 20,000원 <br />쇠고기 찌개 8,000원<br /><br />",- 당 업소는 보건복지부가족부에서 시행하는 ONCE FOOD  캠페인 참여업체로<br />남은음식 재사용 안하기 운동을 하고 있는 믿을 수 있는 업소 입니다.<br />,"지하철 1호선 칠성시장역 3번 출구 약 618m 이며, 도보로 약 11분 거리",버스 정류장은 동인치안센터앞 정류장이 가장 가깝습니다.
158,247,"대구광역시 중구 대봉동 214, 11층",일식,힛또,053-256-6868,11:00 ~ 20:00,116,대백프라자주차장,없음,영어 기타 (),가능,불가능,불가능,가능,"특초밥정식 29,000원 <br />모듬초밥 15,000원 <br />히레카츠 14,000원<br />","대백프라자 10층에 위치하고 있는 힛또는 스위스까스, 나가사끼탕면(생면)등 인기 있는 메뉴를 가지고 있으며 업주가 계속적인 연구 노력하는 업체이다.<br />",지하철 3호선 대봉교역 4번 출구 약 110m,버스 정류장은 대백프라자건너 정류장이 가장 가깝습니다.
159,235,대구광역시 중구 동인동1가 322-2,한식,벙글벙글찜갈비,053-424-6881,10:00 ~ 22:00,120석(룸2),18대,없음,영어 일본어 중국어 기타 (),가능,불가능,불가능,가능,"한우 찜갈비(180g) 30,000원 <br />미국산 찜갈비(180g) 20,000원 <br />소고기찌개 8,000원<br />",세대가 바뀌어도 변하지 않는 찜갈비 맛을 자랑하는 벙글벙글찜갈비는 화려한 맛보다 기본에 충실한 동인동찜갈비 전문점입니다.,"지하철 1호선 칠성시장역 3번 출구 약 626m 이며, 도보로 약 10분 거리",버스 정류장은 동인치안센터앞 정류장이 가장 가깝습니다.
160,232,대구광역시 중구 전동 20-1,한식,한우장식당,053-257-1125,24시간,56,주변유료주차장이용,없음,일본어 기타 (),가능,불가능,불가능,가능,"설렁탕 9,000원 <br />따로국밥 8,000원 <br />꼬리곰탕 15,000원<br />",대구에서 설렁탕을  제대로 하는 몇안되는 집이라고 자랑하는 한우장은 지난 25년동안 모든 야채와 고기를 직접 시장에 가서 고르고 사오는 정성이 있었기 때문에 지금의 한우장이 있다고 하신다.,지하철 1호선 중앙로역 4번 출구 약 210m,버스 정류장은 만경관앞 정류장이 가장 가깝습니다.
161,231,대구광역시 중구 전동 24-6,한식,대구전통따로식당,053-257-1476,24시간,50,유료주차장,없음,일본어 기타 (),가능,불가능,가능,가능,"따로선짓국 9,000원 <br />수육 40,000원 <br />설렁탕 10,000원<br />",30년 이상 이곳에서 따로국밥을 판매 해 오셨다.<br />이곳의 따로국밥은 특별히 소면을 함께 준다.<br />곰국에 넣어 먹던 소면을 따로국밥에 넣어서 먹는 건 또다른 재미를 준다.,지하철 1호선 중앙로역 4번 출구 약 230m,버스 정류장은 만경관앞 정류장이 가장 가깝습니다.
162,225,대구광역시 중구 종로1가 41-35,일식,종로초밥,053-252-0321,11:00 ~ 22:00,50석,유료주차장,없음,기타 (),가능,불가능,불가능,불가능,"광어회 50,000원 <br />모둠회 40,000원 <br />무침회 20,000원<br />",초밥과 함께 국물 맛이 산뜻하고 구수한 오뎅탕이 일품이다.편안한 분위기에서 부담없는 가격으로 즐길수 있다.,지하철 1호선 중앙로역 1번 출구 약 260m,버스 정류장은 약령시건너(동성로입구)  정류장이 가장 가깝습니다.
163,223,대구광역시 중구 남산동 921-5,일식,삼삼구이초밥,053-425-3392,12:00 ~ 23:30,70석,유료주차(1시간무료),없음,일본어 기타 (),가능,불가능,불가능,불가능,"회덮밥 9,000원 <br />미주구리 30,000원 <br />점심특선 6,000원<br />","활어회, 장어구이에 회초밥과 우동까지 저렴한 가격에 한 끼 식사를 겸한 술 한 잔 하기 딱 좋은 집이다. 곁들임 안주의 종류와 양이 푸짐하기로 유명하다.",지하철 1호선 반월당역 3번 출구 약 75m,버스 정류장은 반월당역(1번출구)1 정류장이 가장 가깝습니다.
164,219,대구광역시 중구 남일동 92,중식,중화반점,053-425-6839,11:30 ~ 20:30,136석(룸4),유료주차,없음,기타 (),가능,불가능,불가능,가능,"야끼우동 11,000원<br />야끼밥 15,000원<br />미니탕수육 19,000원 <br />새우수정딤섬 8,000원",[중화반점]은 40년 이상 전통의 야끼우동 전문점입니다. 야끼우동은 쫄깃쫄깃한 면과 다양한 채소들로 식감이 아주 좋습니다.,"지하철 1호선 중앙로역 2번 출구에서 약 130m이며, 도보로 약 2분 거리",버스 정류장은 약령시 앞 정류장이 가장 가깝습니다.
165,217,대구광역시 중구 종로2가 20,중식,영생덕,053-255-5777,11:40 ~ 21:00,40석,없음,없음,중국어 기타 (),가능,불가능,불가능,가능,"짜장면 5,000원 <br />짬뽕 6,500원<br />볶음밥 7,000원<br />",중국인이 운영하는 곳으로서 만두가 유명하다.한국적 입맛과 중국풍을 가미하여 색다른 맛을 낸다.<br />30년 넘게 중국식 만두를 찾는 손님으로 항상 붐비는 집이다.,지하철 1호선 중앙로역 1번 출구 약 260m,버스 정류장은 만경관건너 정류장이 가장 가깝습니다.
166,212,대구광역시 중구 삼덕동1가 33-14,세계요리,신짜오,0507-1339-6544,11:00 ~ 21:30,50석,유료주차장,없음,기타 (),가능,불가능,불가능,불가능,"소고기쌀국수 11,800원 <br />월남쌈 M 31,000원 <br />해물쌀국수 11,800원<br />",신짜오는 대구지역 베트남요리 1호점으로 순수 지역 브랜드로 유명하다.<br />2002년 대구에 베트남 쌀국수를 처음 소개한 업체로 현재 확장 이전한 상태이다.,지하철 2호선 반월당역 10번 출구 약 380m,버스 정류장은 삼덕성당앞 정류장이 가장 가깝습니다.
167,205,대구광역시 중구 포정동 69-1,한식,황소식당,053-421-9930,11:00 ~ 24:00,84석(룸2),주차불가,없음,영어 기타 (),가능,불가능,불가능,가능,"돌솥정식 15,000원 <br />육회비빔밥 15,000원<br />생고기 50,000원 <br />육회 50,000원<br />","토속적인 음식을 잘 조리하여 중장년층의 단골손님이 많으며, 대구10味 생고기와 돌솥밥은 황소식당의 대표 메뉴입니다.<br /><br /><br />",지하철 1호선 중앙로역 3번 출구 약 40m,버스 정류장은 경상감영공원건너 정류장이 가장 가깝습니다.
168,204,대구광역시 중구 동인동2가 108-9,한식,한옥집 동인점,053-425-8653,11:00 ~ 21:00,60석,없음,없음,영어 기타 (),불가,불가능,불가능,가능,"김치찜 9,000원<br />김치찌개 8,000원 <br />","한옥집은 김치와 사골 육수, 돼지고기의 맛이 어울어져 든든한 한끼를 제공하고 있는 김치찜 전문점입니다.",지하철 1호선 칠성시장역 3번 출구 약 750m,버스 정류장은 동인치안센터앞 정류장이 가장 가깝습니다.
169,196,대구광역시 중구 종로2가 66-6,한식,종로숯불갈비,053-252-7197,11:30 ~ 22:00,120석(룸5),9대,없음,영어 기타 (),가능,불가능,불가능,가능,"한우갈비살(120g) 25,000원 <br />한우등심(120g) 20,000원 <br />한우버섯불고기(200g) 14,000원 <br />한우육회(220g) 28,000원 <br />한우안창살(120g) 30,000원<br />돼지갈비(200g) 10,000원 <br />기타메뉴 (추가) <br />된장전골 8,000원<br />",기품있는 실내 분위기로 일본 관광객도 많이 찾는 곳이다.<br />엣 한옥의 정취를 느끼게 하고 안락한 분위기에서 잘 구워진 고기와 신선한 야채로 특별한 시간을 즐길수 있다.<br />,지하철 1호선 반월당역 15번 출구 약 300m,버스 정류장은 약령시건너 정류장이 가장 가깝습니다.
170,189,대구광역시 중구 동성로2가 54-1,한식,상주식당,053-425-5924,10:00 ~ 19:00,88석(룸4),유료주차,없음,일본어 기타 (),가능,불가능,불가능,불가능,"추어탕 11,000원",대구에서 가장 오래된 추어탕 집으로 경상도 추어탕의 정수로 영남 지방은 물론 전국의 추어탕 마니아들과 미식가들이 많이 찾는 음식점으로 유명합니다.,지하철 1호선 중앙로역 2번 출구 약 250m,버스 정류장은 CGV대구한일 앞 정류장이 가장 가깝습니다.
171,188,대구광역시 중구 동산동 120,한식,부창생갈비,053-255-0968,11:00 ~ 21:30,56석,20대,없음,영어 기타 (),가능,불가능,불가능,가능,"부창생갈비(150g) 32,000원 <br />안창살(100g) 35,000원<br /><br />",순 한우 신선육을 알맞게 숙성시킨 생갈비와 어우러진 토속적인 밑반찬이 일품인 한우 갈빗집입니다.,지하철은 3호선 서문시장역 1번 출구 도보로 약 450m,버스 정류장은 섬유회관건너2 정류장이 가장 가깝습니다.
172,187,대구광역시 중구 공평동 8-4,한식,부산안면옥,053-424-9389,11:00 ~ 20:30,176석,주변유료주차,없음,기타 (),가능,불가능,불가능,불가능,"평양냉면 11,000원 <br />비빔냉면 11,000원 <br />",49년을 이어온 대를 이은 맛집<br />시류에 영합하지 않고 재래식 방법을 그대로 고집하고 있는 업소이다.<br />동절기에는 양질의 음식원료를 구하기 힘들어 추석날 부터 다음달 3월까지 영업하지 않는다.,지하철 1호선 중앙로역 3번 출구 약 550m,버스 정류장은 2.28기념중앙공원건너2  정류장이 가장 가깝습니다.
173,182,대구광역시 중구 대안동 12,한식,마산설렁탕,053-254-4317,08:00 ~ 20:30,70,2대,없음,기타 (),가능,불가능,가능,불가능,"설렁탕 12,000원 <br />수육 40,000~50,000원<br /><br />",30년 가까운 전통을 자랑하는 업소로 푹 고은 진한 사골국물맛이 일품이다. 가마솥에 한우사골을 24시간 우려내어 고소하고 담백하다.<br /><br />,지하철 1호선 중앙로역 4번 출구 약 250m,버스 정류장은 경상감영공원건너 정류장이 가장 가깝습니다.
174,181,대구광역시 중구 계산동2가 6,한식,마당갈비,053-255-2324,11:00 ~ 21:30,56석(룸2),3대(점심시간),없음,기타 (),가능,불가능,불가능,가능,"갈비 9,000원 <br />갈비찜 10,000원<br />",1984년 오픈한 이래 갈빗대가 붙은 진짜 돼지갈비만을 꾸준히 취급해온 돼지갈비 전문점입니다.<br /><br />,지하철 3호선 달성공원역 1번 출구 약 35m,버스 정류장은 수창초등학교 정류장이 가장 가깝습니다.
175,180,대구광역시 중구 삼덕동2가 223-3,한식,마당,053-423-1352,12:00 ~ 22:00,84석,없음,없음,기타 (),가능,불가능,불가능,가능,"양념갈매기살(150g) 13,000원 <br />잔치국수 5,000원<br />",22년째 이어오는 갈매기살 전문점으로 갈매기살 한가지만 취급한다.단백하면서도 깔끔한 맛은 한번 찾은 손님은 꼭 다시 찾게 되는 업소이다.끝에 먹는 잔치국수 또한 별미이다.<br /><br />,지하철 2호선 경대병원역 4번 출구 약 370m,버스정류장은 경북대학교병원앞 정류장이 가장 가깝습니다.
176,179,대구광역시 중구 대봉동 18-8,한식,로타리식당,053-256-7983,12:00 ~ 22:00,40석(룸7),4,없음,기타 (),가능,불가능,불가능,가능,"추어탕 10,000원 <br />솔잎돼지고기 35,000원 <br />미꾸라지튀김 35,000원<br />",[로타리식당]은 옛날 추어탕을 맛볼 수 있는 업소로 할머니가 전통 추어탕 그대로 조리하여 인기를 모으는 집입니다.<br /><br />,지하철 2호선 경대병원역 3번 출구 약 340m,버스 정류장은 청구타운 건너 정류장이 가장 가깝습니다.
177,178,대구광역시 중구 계산동1가 70-5,한식,동아전복,053-255-1235,10:00 ~ 20:30 (16:00~17:00 브레이크타임),60석,3대,없음,기타 (),가능,불가능,불가능,가능,"전복죽 17,000원<br />전복회덮밥 25,000원<br />전복구이(1kg) 160,000원<br />",싱싱한 전복죽이 별미로 한번 맛본 손님은 다시 찾게 된다.,지하철 2호선 반월당역 18번 출구 약 350m,버스 정류장은 곽병원건너 정류장이 가장 가깝습니다.
178,176,대구광역시 중구 공평동 16-21,한식,대하닭갈비,053-427-3331,11:00 ~ 22:00 (16:00~17:00 브레이크타임),22석,주변유료주차,없음,영어 기타 (),가능,불가능,불가능,가능,"닭갈비 12,000원 <br />막국수 7,000원 <br />볶음밥 2,500원<br />","이곳 대표님은 춘천에서 닭갈비 관련 일을 하시다가 대구로 내려 오셨습니다.<br /> 20년 동안의 노하우를 바탕으로 언제나 신선한 재료와 소스를 사용하여 항상 최고의 맛을 내왔고, 특히 소스는 누구도 흉내낼수 없는 대하만의 자랑이라고 하시네요.",지하철 1호선 중앙로역 2번 출구 약 500m,버스 정류장은 2.28기념중앙공원앞 정류장이 가장 가깝습니다.
179,174,대구광역시 중구 동산동 180-20,한식,대동면옥,053-255-4450,11:30 ~ 20:30,100석,유료주차장,없음,기타 (),전화 요망,불가능,불가능,가능,"평양물냉면 10,000원 <br />함흥비빔냉면 10,000원 <br />한우갈비탕 15,000 <br />수육 30,000원<br />",55년 내력이 있는 집이다. 대구를 대표하는 냉면전문점으로 변함없는 사랑을 받고 있다. 처음방문하는 사람은 업소를 찾기도 어렵다. 차도 들어가지 못하는 좁은 골목이 30년 전통을 말해 주고 있다.<br />먹기 전에 나오는 뜨거운 육수의 맛이 각별하다.<br />,지하철 1호선 중앙로역 4번 출구 약 980m,버스 정류장은 섬유회관건너2 정류장이 가장 가깝습니다.
180,173,대구광역시 중구 향촌동 74-5,한식,녹양,053-257-1796,12:00 ~ 23:00,30석,주차불가,없음,기타 (),가능,불가능,불가능,불가능,"생고기 40,000 ~ 60,000원 <br />모듬스페샬 80,000원 <br />곱창전골 40,000 ~ 60,000원","[녹양]은 1973년 부터 46년 이상 영업하고 있는 오래된 음식점입니다. 생고기, 육회가 대구의 향토음식으로 자리매김하는데 노력하였다.한우 생고기만을 취급하고 있으며, 장류는 영업자가 직접 제조하여 녹양만의 비법을 자랑하고 있다.",지하철 1호선 중앙로역 4번 출구 약 110m,버스 정류장은 경상감영공원건너 정류장이 가장 가깝습니다.
181,171,대구광역시 중구 향촌동 74-7,한식,너구리,053-427-9292,10:00 ~ 22:00,60석,주차불가,없음,일본어 기타 (),가능,불가능,불가능,가능,"육회 20,000~30,000원 <br />한우뭉티기 30,000원 <br />국수 2,000원<br />",최초영업자(정재인)는 현영업자(조인수)의 장인으로 6.25전쟁 이후 60년 초부터 영업을 시작하여 현재는 사위(조인수)가 대를 이어 47년째 영업하고 있습니다. <br /><br /><br /><br />※ 위 업체는 레스토랑 평가서 블루리본 서베이에서 추천한 업체입니다.<br /><br /><br />,지하철 1호선 중앙로역 4번 출구 약 70m,버스 정류장은 경상감영공원건너 정류장이 가장 가깝습니다.
182,167,대구광역시 중구 동산동 106-1,한식,국일생갈비,053-254-5115,11:30 ~ 21:30,160석(룸9),50(국제유료주차장2시간무료이용),www.gugilgalbi.co.kr,영어 일본어 중국어 기타 (),가능,불가능,불가능,가능,"한우생갈비 30,000원 <br />한우특생갈비 43,000원<br />한우안창살 35,000원",[국일생갈비]는 40년째 1등급 한우만을 고집한 갈비 명가로 한우 생갈비 전문점입니다.,지하철 3호선 서문시장역 1번 출구 약 290m,버스 정류장은 섬유회관앞 정류장이 가장 가깝습니다.
183,166,대구광역시 중구 전동 7-1,한식,국일따로국밥,053-253-7623,24시간,150석(룸1),건물뒤유료주차장,없음,영어 기타 (),가능,불가능,가능,가능,"특따로국밥 11,000원<br />따로국밥 10,000원<br />따로국수 10,000원 <br /><br />","1946년 [국일따로국밥]의 창업자인 서동술 할아버지, 김이순 할머니가 옛날부터 전해 내려오는 쇠고기 국밥을 조리해 왔고, 대구 따로국밥의 원조 기술을 전수받아 딸(최영자)에게 대를 이어 74년째  운영하고 있습니다.",지하철 1호선 중앙로역 4번 출구 약 180m,버스 정류장은 약령시앞 정류장이 가장 가깝습니다.
184,165,대구광역시 중구 포정동 52-2,한식,교동따로식당,053-254-8923,24시간,60석,주변유료주차장,없음,기타 (),가능,불가능,가능,가능,"따로국밥 9,000원 <br />소고기국밥 9,000원 <br />선지술국 10,000원 <br />소머리수육 22,000원 <br /><br /><br />",한우사골을 엄선하여 10시간 이상 고아낸 국물을 우려낸 후 매일 매일 들어오는 신선한 야채와 선지를 함께 조리하여 한국인 특히 경상도 분들의 입맛에 맞는 대구 대표 음식이다.,지하철 1호선 중앙로역 4번 출구 약 250m,버스 정류장은 만경관앞 정류장이 가장 가깝습니다.
185,164,대구광역시 중구 삼덕동1가 21-25,한식,개정 본점,053-424-7051,10:30 ~ 21:30,130,주차장없음.주변유료주차장이용,없음,영어 기타 (),가능,불가능,불가능,가능,"물냉면/비빔냉면 12,000원 <br />전주비빔밥 12,000원 <br />전주특육회비빔밥 14,000원 <br />치즈돌솥비빔밥 15,000원<br />육회 30,000원<br />","대구에서 한식으로 명성을 떨치고 있는 개정은 전주비빔밥, 돌솥밥, 냉면등이 유명한 곳입니다. <br /><br />","지하철 1호선 중앙로역 2번 출구 약 600m이며, 도보로 약 5분 거리.",버스 정류장은 삼덕성당앞 정류장이 가장 가깝습니다.
